student_id,study_hours_per_day,deep_work_sessions,assignment_completion_rate,social_media_hours,procrastination_index,sleep_hours,revision_efficiency,consistency_score,final_exam_score
0,3.2,7,100,3.8,8,5.8,1,3,32
1,3.9,2,46,2.6,3,6.1,10,6,59
2,4.3,7,54,4.3,10,6.6,9,1,34
3,5.3,1,78,1.7,1,8.0,7,10,60
4,4.1,3,100,2.6,6,6.9,10,9,77
5,3.5,2,96,0.0,9,7.6,1,1,56
6,4.2,1,67,2.4,6,7.4,5,2,74
7,7.3,0,99,4.2,4,5.4,9,7,88
8,3.1,7,96,2.2,3,7.5,8,1,81
9,2.9,1,93,1.2,7,6.0,6,3,71
10,6.0,6,72,1.0,6,6.4,7,3,76
11,2.1,5,63,3.1,10,6.0,4,1,18
12,5.4,3,90,4.0,9,6.7,5,8,64
13,5.0,6,43,3.1,1,7.0,5,9,55
14,1.7,5,87,2.5,7,6.6,1,5,16
15,3.9,3,72,2.4,10,7.1,1,8,47
16,3.1,2,82,6.2,2,5.9,3,7,29
17,3.0,3,64,3.1,2,7.2,9,9,89
18,3.5,0,61,7.9,5,6.7,9,5,45
19,4.0,2,62,1.8,8,7.1,3,1,38
20,3.0,6,58,5.0,2,5.7,3,1,41
21,2.7,7,93,3.7,6,5.8,10,10,83
22,4.5,0,92,5.8,3,7.4,7,1,59
23,6.3,2,60,3.5,5,6.6,5,5,32
24,3.5,5,40,0.6,8,6.5,6,9,48
25,7.8,4,53,3.3,9,8.2,5,10,57
26,3.6,1,45,0.5,7,4.4,8,3,29
27,5.6,2,60,1.1,9,6.3,1,1,41
28,3.2,5,53,1.2,7,7.5,3,7,45
29,3.9,0,78,1.8,2,4.0,10,5,69
30,4.3,2,95,4.3,6,5.7,3,8,73
31,5.4,6,45,5.7,5,7.4,4,1,35
32,5.5,0,76,2.1,1,7.0,3,1,61
33,6.4,2,80,2.3,10,5.7,7,9,96
34,2.9,7,90,3.1,4,7.1,1,7,62
35,3.4,5,77,2.6,3,10.0,6,8,63
36,7.7,6,79,3.2,3,6.7,10,6,94
37,5.4,7,54,5.1,2,4.5,9,4,50
38,5.6,2,61,2.0,1,7.8,7,8,93
39,4.2,4,68,3.5,2,8.3,3,10,44
40,3.5,3,71,2.9,7,6.6,3,8,44
41,2.6,0,62,0.5,7,7.4,3,10,18
42,4.2,2,85,1.5,9,5.8,7,6,37
43,4.8,5,97,3.4,5,9.3,5,3,75
44,3.7,3,88,4.8,5,4.4,1,9,59
45,4.4,7,56,6.0,6,6.4,7,8,55
46,5.2,7,45,4.4,10,5.0,8,7,65
47,5.2,1,98,5.0,8,6.1,9,1,64
48,5.1,2,98,3.1,9,6.0,3,2,61
49,2.8,7,40,1.6,9,5.5,9,9,49
50,4.8,6,88,4.8,2,5.5,9,5,56
51,3.4,6,79,1.7,5,6.6,8,8,96
52,4.4,7,67,3.5,4,8.2,7,10,60
53,5.0,5,52,,8,6.6,5,4,42
54,3.3,2,56,3.3,2,6.9,7,2,42
55,0.7,4,68,4.7,3,5.8,5,2,20
56,4.8,1,42,2.6,6,5.8,8,1,54
57,0.5,7,50,3.4,4,6.0,9,4,60
58,4.3,5,97,1.4,6,8.5,2,7,75
59,7.0,1,42,2.7,3,5.9,3,3,59
60,5.6,6,97,2.8,1,9.6,2,6,75
61,2.0,6,72,2.3,5,5.7,2,6,45
62,2.1,7,51,4.7,10,8.8,1,6,31
63,5.8,3,86,5.4,1,6.5,10,5,69
64,1.7,2,89,3.8,7,6.0,2,7,55
65,4.3,1,56,3.3,3,6.2,2,9,48
66,4.5,4,70,3.6,6,7.4,5,10,85
67,2.7,0,88,1.1,3,6.9,5,5,75
68,6.1,5,85,3.8,4,6.3,8,4,44
69,6.3,5,50,1.5,8,5.4,7,6,70
70,4.9,7,97,4.7,8,6.1,10,7,58
71,4.5,0,94,4.8,3,7.4,7,3,65
72,1.6,5,75,3.8,1,7.1,2,6,59
73,1.7,5,41,0.8,4,8.6,7,8,62
74,2.4,4,59,2.5,2,7.0,1,2,49
75,1.7,2,96,5.0,6,5.1,6,3,50
76,3.5,5,48,2.3,1,6.5,9,9,76
77,4.5,1,43,2.8,2,7.1,9,2,53
78,3.1,0,74,0.4,4,4.7,5,3,26
79,1.3,4,61,3.0,10,6.0,5,5,40
80,1.9,2,60,1.9,9,7.7,1,9,27
81,3.4,4,67,0.0,5,8.4,1,8,56
82,2.0,2,91,1.5,6,5.6,9,2,44
83,3.8,5,89,2.0,8,5.3,4,5,53
84,4.5,2,97,4.2,7,7.8,4,3,76
85,2.6,2,76,0.2,10,6.7,3,2,54
86,6.5,6,66,3.6,10,5.6,7,8,50
87,4.0,3,49,2.3,4,5.6,7,4,83
88,5.5,6,99,3.9,5,6.6,1,4,67
89,5.3,3,59,3.8,9,7.8,3,3,41
90,5.5,4,76,2.7,4,6.6,4,9,74
91,3.7,6,67,1.7,8,6.2,8,8,60
92,5.7,7,53,2.4,9,5.8,1,2,41
93,0.6,5,85,2.6,8,8.9,7,4,40
94,4.2,7,79,5.4,2,6.4,6,4,43
95,2.4,2,50,0.3,8,7.6,2,6,36
96,3.9,7,99,2.5,7,6.4,6,7,73
97,2.8,0,59,2.2,6,6.1,6,10,61
98,4.4,2,91,2.3,1,6.4,2,8,74
99,2.5,6,42,2.5,9,4.9,4,8,38
100,3.9,5,65,2.5,3,7.6,5,8,64
101,4.8,2,80,4.4,5,6.6,4,1,36
102,2.3,2,65,2.8,4,5.5,8,7,72
103,3.7,0,100,4.2,8,4.0,10,5,38
104,3.8,4,88,4.0,7,8.8,8,1,58
105,4.2,0,86,1.9,4,7.8,10,3,85
106,4.7,4,41,1.4,10,6.3,2,3,40
107,2.8,1,69,3.8,9,7.0,7,5,61
108,3.8,1,99,3.6,8,5.0,2,8,59
109,4.6,1,66,2.9,10,5.4,2,1,14
110,7.9,4,61,0.3,5,5.0,8,2,57
111,3.6,7,61,1.2,3,6.4,5,8,98
112,3.8,7,83,1.2,1,4.3,3,2,77
113,2.2,7,48,2.7,7,5.5,3,9,26
114,5.4,6,69,3.8,8,7.3,8,9,63
115,5.5,2,74,3.2,2,6.9,7,7,92
116,3.6,0,56,0.0,9,3.0,4,2,56
117,4.8,5,43,3.3,9,6.5,6,1,31
118,2.5,5,44,6.7,2,,8,5,65
119,4.2,7,94,2.4,9,6.6,6,9,58
120,3.2,0,52,2.8,6,6.2,8,4,22
121,5.7,3,79,2.5,5,7.1,6,8,61
122,4.0,5,40,3.8,10,7.3,9,7,39
123,4.4,3,52,3.5,6,6.8,10,10,73
124,4.0,6,71,3.3,10,5.9,1,4,60
125,2.7,5,89,1.7,5,5.6,8,1,48
126,3.4,5,80,3.9,7,6.7,1,2,6
127,4.6,6,69,5.2,10,6.9,8,7,50
128,3.2,3,52,0.8,4,6.4,5,4,26
129,5.1,1,95,2.5,7,8.5,4,9,41
130,4.1,2,43,2.5,2,5.7,7,8,62
131,3.7,5,80,1.9,3,6.3,9,9,92
132,1.9,5,60,2.3,9,7.4,9,5,42
133,2.6,2,75,4.6,2,7.1,7,1,44
134,5.9,7,43,0.0,6,7.1,8,3,55
135,3.6,3,62,3.6,7,5.9,5,6,43
136,4.4,7,98,4.4,7,6.7,6,4,42
137,2.6,7,65,3.6,7,7.7,6,10,62
138,3.8,3,83,1.9,3,7.7,2,1,41
139,2.5,2,87,3.6,7,6.3,6,1,33
140,2.7,3,98,4.8,8,6.8,7,5,65
141,4.9,0,85,1.5,2,7.7,1,8,51
142,3.7,0,100,2.1,9,7.7,2,2,41
143,5.3,4,43,2.0,1,5.3,2,3,49
144,6.0,0,43,2.6,4,6.6,1,10,59
145,2.7,4,74,3.6,9,7.5,8,2,58
146,4.2,5,93,5.6,2,9.4,6,8,60
147,4.3,2,42,5.2,1,6.5,5,1,22
148,5.5,2,100,3.5,9,8.0,6,7,42
149,3.7,2,92,4.9,9,5.7,3,3,38
150,5.1,6,43,5.2,8,5.6,7,4,45
151,2.7,3,48,1.4,5,8.2,9,2,47
152,2.4,2,65,3.4,6,5.5,6,7,51
153,4.8,5,63,4.1,3,6.4,8,7,52
154,4.4,0,93,2.4,5,6.9,8,1,69
155,5.6,2,55,3.4,9,5.8,3,2,40
156,5.1,5,50,2.9,7,6.7,10,3,67
157,4.9,6,79,3.1,7,6.9,8,2,37
158,4.3,3,79,2.5,4,7.5,8,3,42
159,3.0,6,70,2.5,2,5.6,3,9,72
160,3.4,7,47,2.3,6,6.7,2,5,73
161,3.8,0,40,4.4,3,4.8,8,10,74
162,7.2,3,83,2.4,4,7.0,3,10,69
163,5.5,0,52,2.0,6,6.2,5,9,70
164,4.2,3,78,0.5,1,4.8,8,10,96
165,6.0,0,67,4.3,5,6.6,5,4,46
166,2.8,7,54,4.0,8,8.8,7,6,21
167,2.4,5,47,2.1,8,6.7,6,1,21
168,5.5,6,99,4.6,10,7.7,6,8,55
169,4.4,2,97,6.1,5,7.5,7,7,88
170,3.8,1,69,1.6,4,6.4,9,5,46
171,3.8,3,66,5.8,5,5.3,2,8,73
172,4.4,6,100,1.1,1,4.7,6,5,75
173,4.2,0,93,3.4,5,6.4,10,6,48
174,4.1,5,53,3.7,3,7.4,7,1,50
175,3.5,7,54,3.7,8,6.1,10,3,37
176,2.9,3,73,5.7,8,4.4,10,4,46
177,2.9,7,45,2.8,7,9.1,3,4,59
178,3.5,7,86,2.5,4,5.8,7,2,66
179,5.1,2,57,3.1,6,7.8,1,8,62
180,3.8,4,86,1.7,3,5.7,6,2,77
181,2.7,5,84,1.6,3,5.2,2,5,36
182,4.4,3,58,0.0,2,4.5,8,7,74
183,2.7,0,50,3.8,10,7.5,1,6,25
184,5.4,4,49,1.9,6,6.8,9,8,86
185,4.7,6,99,5.2,4,6.3,10,8,55
186,5.3,4,75,4.1,7,7.3,7,1,43
187,4.4,6,79,1.6,9,6.8,6,3,48
188,3.2,6,40,4.5,3,5.6,3,3,45
189,6.2,5,67,4.6,7,4.7,7,10,40
190,1.4,5,85,3.3,6,7.7,8,9,33
191,5.3,2,71,1.2,6,5.3,8,3,61
192,7.0,5,62,1.8,10,6.7,5,4,78
193,5.0,0,46,1.8,2,5.8,10,9,86
194,7.4,5,75,2.4,7,5.3,5,5,83
195,3.3,0,93,0.1,7,8.3,2,1,29
196,5.9,5,81,3.3,9,7.1,3,10,57
197,2.1,3,86,0.0,3,5.8,7,6,78
198,7.2,0,49,3.9,1,7.3,6,9,72
199,2.5,2,99,1.3,2,5.3,4,2,60
200,4.8,1,86,5.9,7,7.1,7,7,39
201,5.2,2,67,2.2,8,3.5,9,6,87
202,5.6,2,62,1.6,7,9.0,10,2,74
203,3.8,4,84,3.1,1,6.5,6,2,70
204,4.3,0,63,1.4,4,6.4,7,9,72
205,4.3,1,58,1.8,6,4.1,2,4,51
206,1.6,7,48,5.2,5,9.3,9,3,44
207,4.7,7,52,4.0,8,7.8,9,4,65
208,6.9,6,45,1.4,6,4.6,7,7,55
209,2.6,0,55,4.2,10,5.8,7,8,42
210,3.4,2,77,2.7,3,6.3,8,4,82
211,6.0,2,40,2.9,4,6.1,3,1,42
212,4.5,5,53,1.5,8,7.7,4,1,48
213,4.2,5,46,2.0,5,6.4,10,2,41
214,5.3,6,64,0.5,9,4.8,2,6,58
215,4.6,0,63,0.0,4,7.7,7,1,61
216,3.7,2,46,5.3,1,5.3,6,8,35
217,4.2,6,99,1.7,1,7.6,9,6,76
218,4.3,4,40,5.0,1,6.5,7,4,77
219,6.4,1,89,5.2,3,5.4,1,7,76
220,4.1,1,72,5.8,7,5.6,2,9,25
221,2.3,1,46,4.9,9,6.1,4,7,24
222,2.3,1,64,4.7,1,6.5,1,2,53
223,6.5,1,84,2.3,4,7.0,10,10,83
224,3.1,1,72,0.0,1,6.0,4,6,61
225,3.8,4,78,2.4,10,8.4,1,1,4
226,5.7,4,67,4.9,4,7.3,2,4,44
227,2.8,5,92,3.4,3,6.1,10,8,92
228,4.8,1,63,4.3,9,7.2,10,6,43
229,5.3,1,51,1.7,10,6.5,10,2,33
230,3.6,0,40,4.3,10,6.7,8,8,33
231,2.8,2,57,1.9,7,7.8,5,2,39
232,6.4,2,89,0.8,4,7.3,3,5,86
233,3.0,3,63,3.0,10,6.7,2,7,56
234,3.6,5,99,2.9,5,7.6,5,1,57
235,2.5,4,60,2.4,10,6.1,5,2,47
236,2.6,7,80,1.2,3,5.3,5,3,75
237,4.9,6,84,1.7,1,5.3,6,1,99
238,3.6,7,79,3.0,8,3.9,1,2,30
239,5.7,4,95,2.6,5,7.6,3,9,69
240,4.7,4,94,2.7,10,5.3,5,9,61
241,2.1,5,82,3.6,10,4.5,6,9,39
242,1.0,0,68,2.5,7,6.4,1,9,52
243,4.0,2,56,6.0,9,6.1,1,8,47
244,1.2,3,59,4.3,2,7.5,4,6,31
245,1.6,6,90,4.2,6,,5,10,49
246,2.0,5,83,0.0,6,6.9,2,3,62
247,1.7,1,43,1.5,8,7.6,9,4,29
248,2.3,2,56,4.7,7,,7,9,60
249,6.4,0,79,3.2,8,5.0,9,2,46
250,1.3,4,50,3.7,9,5.9,6,5,43
251,3.5,6,49,3.6,2,6.3,4,10,51
252,3.4,5,44,2.1,6,4.8,6,1,34
253,5.6,6,74,2.8,2,6.4,5,6,81
254,0.7,4,60,2.5,5,7.0,6,10,34
255,1.7,7,72,2.7,4,6.6,6,5,32
256,3.9,0,82,3.7,4,7.7,7,10,84
257,5.9,4,41,4.0,8,6.4,8,8,43
258,4.7,6,96,,10,6.3,5,9,58
259,4.8,3,71,0.0,10,6.2,5,4,64
260,6.0,5,41,1.1,5,7.0,4,3,60
261,3.5,2,80,3.4,1,8.8,4,9,73
262,2.0,1,68,1.4,3,6.3,10,9,50
263,2.7,4,47,3.9,9,5.5,7,7,38
264,4.3,1,71,1.5,2,5.8,10,8,85
265,3.5,3,41,1.3,8,6.6,10,2,34
266,3.1,4,58,3.7,5,6.1,2,10,48
267,0.5,1,88,2.7,10,7.3,3,7,25
268,4.4,0,49,1.8,2,6.1,3,2,58
269,5.1,4,40,3.0,6,5.7,8,2,29
270,4.4,1,53,2.9,6,7.3,1,10,34
271,4.9,6,69,3.1,3,7.8,3,7,100
272,5.3,3,89,3.9,1,7.9,5,6,70
273,2.6,6,44,3.9,7,8.9,2,4,56
274,5.2,7,57,1.6,2,7.9,1,9,55
275,2.0,6,95,2.1,3,7.9,10,8,75
276,3.9,1,55,2.8,6,8.4,4,7,63
277,1.1,6,54,2.5,8,6.0,9,8,52
278,3.7,2,50,2.8,5,6.8,6,6,60
279,4.8,1,98,3.4,8,5.3,4,7,66
280,3.9,0,90,1.9,1,6.6,7,7,60
281,2.7,7,85,1.9,10,7.7,5,4,26
282,3.6,7,78,2.2,5,5.9,10,3,84
283,5.9,5,73,3.0,9,6.9,3,1,52
284,3.7,0,57,3.3,2,8.0,1,8,53
285,6.1,0,79,2.7,7,5.9,2,8,45
286,3.2,5,76,5.0,6,5.4,5,6,20
287,7.6,6,85,1.7,8,5.6,7,4,68
288,6.4,2,78,4.1,9,7.3,1,2,24
289,5.6,3,81,1.2,7,7.6,6,1,48
290,4.0,7,47,0.3,3,6.0,7,9,75
291,3.5,1,54,3.8,8,4.4,5,4,12
292,4.7,4,55,2.8,8,4.4,1,7,23
293,6.6,0,83,5.8,10,6.6,8,6,75
294,5.2,4,90,5.1,1,,5,4,62
295,3.9,4,69,2.9,7,6.2,7,2,45
296,3.2,4,55,6.4,8,6.7,9,3,51
297,4.5,3,97,2.9,1,8.0,1,4,71
298,6.5,1,94,5.2,7,8.4,5,4,68
299,3.7,0,41,3.0,9,3.6,8,5,48
300,4.2,1,49,0.8,6,6.9,3,6,24
301,0.5,1,51,3.8,10,6.2,6,6,45
302,4.0,4,91,1.7,8,8.8,5,2,64
303,3.2,4,63,4.8,8,,1,3,32
304,0.5,1,67,4.1,10,5.0,7,4,29
305,1.9,0,59,4.0,9,6.4,5,3,32
306,6.1,7,100,3.5,8,7.0,1,3,69
307,5.8,1,60,0.6,9,7.1,9,4,51
308,1.8,3,87,4.0,2,5.2,4,7,40
309,5.7,3,40,2.5,1,6.1,2,1,56
310,4.2,5,62,4.0,5,7.4,2,6,43
311,4.6,1,96,1.0,3,6.1,8,9,73
312,3.1,3,62,4.0,5,5.0,8,5,37
313,5.0,5,49,1.5,1,9.1,3,6,72
314,5.3,0,69,2.0,8,6.3,9,6,45
315,7.2,2,88,3.1,4,6.5,3,5,63
316,4.1,2,93,3.1,4,6.7,4,8,61
317,4.1,0,62,1.4,6,6.1,1,1,44
318,4.7,6,58,2.4,9,5.5,1,4,51
319,6.0,0,63,4.1,9,6.3,4,1,60
320,5.6,4,80,2.9,1,5.3,8,2,58
321,3.4,3,53,2.7,8,8.3,1,5,35
322,2.1,5,79,4.3,10,7.1,5,5,48
323,3.4,3,61,1.8,2,6.1,9,9,87
324,3.4,6,91,6.2,4,5.0,4,5,45
325,4.2,2,48,0.5,10,5.8,9,2,26
326,3.3,7,74,2.1,4,6.9,10,10,68
327,1.2,6,91,1.1,4,6.7,10,1,51
328,2.9,6,99,3.2,7,7.1,8,6,66
329,3.0,7,43,4.8,10,7.3,5,4,40
330,4.3,4,99,2.2,8,6.6,1,1,24
331,2.2,0,95,0.5,2,,6,6,69
332,4.9,5,51,2.9,10,6.1,10,4,67
333,2.1,3,93,0.4,3,7.8,10,1,46
334,2.1,7,77,2.3,10,5.2,9,6,72
335,4.9,5,46,0.4,9,6.8,4,10,41
336,1.8,6,84,5.8,1,6.8,4,5,43
337,3.6,6,57,0.9,9,6.9,7,9,69
338,3.4,1,80,3.7,4,5.6,6,7,55
339,5.3,4,44,5.5,1,7.8,5,3,44
340,3.6,4,62,1.7,5,7.3,1,4,42
341,1.7,6,65,0.0,9,5.7,8,2,58
342,3.6,0,71,3.3,9,6.9,1,6,36
343,4.9,2,57,4.8,10,9.0,8,6,54
344,5.0,5,72,0.0,5,7.6,1,6,52
345,4.2,1,44,3.8,9,7.3,1,9,54
346,3.1,2,74,3.4,7,5.9,7,2,23
347,4.2,1,64,1.9,1,5.4,1,4,61
348,3.6,2,46,6.1,3,8.2,4,10,52
349,5.1,2,68,4.1,3,7.5,4,5,60
350,3.3,3,58,2.8,6,5.8,2,1,43
351,2.7,2,82,0.6,5,6.8,4,10,75
352,6.0,6,67,2.7,2,7.1,2,7,79
353,5.5,4,61,3.7,8,6.5,3,4,36
354,2.5,0,55,3.9,7,4.7,1,7,53
355,6.6,2,100,1.7,1,,3,8,100
356,2.1,3,79,4.1,7,5.8,7,8,52
357,5.5,7,91,2.4,3,6.8,3,6,59
358,3.9,6,60,5.8,8,7.6,7,1,46
359,2.3,5,72,1.7,5,5.1,3,8,46
360,2.5,5,83,2.5,10,5.8,7,8,51
361,2.4,6,68,4.0,9,6.6,10,6,44
362,4.3,1,80,4.1,4,5.4,7,4,31
363,5.3,0,53,2.5,10,7.4,4,2,52
364,1.7,0,68,5.1,7,5.4,9,9,71
365,4.4,2,45,2.8,9,5.0,2,1,31
366,5.4,5,97,3.8,9,7.1,10,6,48
367,5.6,1,50,2.6,7,5.8,10,10,46
368,0.9,1,78,2.7,5,6.9,2,2,33
369,8.0,7,61,4.4,10,6.9,2,8,64
370,4.0,1,75,5.8,1,3.7,1,2,37
371,2.9,5,40,2.5,1,5.8,8,3,35
372,3.7,4,65,,5,6.8,5,10,53
373,4.6,1,74,1.7,6,4.2,5,3,51
374,4.9,5,57,3.9,10,7.6,4,10,43
375,7.8,7,70,2.5,5,7.2,3,6,80
376,6.9,5,86,0.0,3,6.6,7,7,82
377,2.4,5,92,4.8,10,7.8,9,7,29
378,4.9,1,83,3.6,5,9.1,5,4,52
379,6.3,5,46,2.9,10,5.8,3,1,7
380,2.8,6,84,3.3,5,7.4,7,5,57
381,4.5,6,66,5.3,4,3.7,8,3,59
382,1.6,4,84,2.1,2,5.6,8,10,59
383,3.8,4,62,2.6,1,3.3,10,7,66
384,2.5,7,54,3.0,2,6.5,6,6,53
385,2.9,7,100,3.8,4,5.2,7,10,72
386,0.5,4,79,4.0,10,5.5,8,5,21
387,5.5,3,68,2.1,9,5.4,5,4,44
388,2.5,3,55,2.1,6,5.4,3,9,55
389,4.5,0,80,0.1,1,6.5,9,9,83
390,5.2,0,41,2.8,9,7.0,6,6,9
391,5.4,2,42,6.4,9,4.7,3,2,9
392,2.6,3,94,0.0,5,10.0,2,10,78
393,2.3,6,55,3.7,3,,8,2,77
394,4.7,3,47,3.2,9,8.0,2,5,45
395,4.7,0,83,3.0,1,7.8,8,7,57
396,6.5,6,85,5.3,3,5.0,4,8,61
397,6.3,3,65,3.9,6,4.5,10,4,68
398,3.5,1,74,3.0,4,3.0,2,8,74
399,5.7,0,79,2.6,7,7.5,8,6,72
400,5.5,4,100,1.0,7,5.2,2,9,56
401,2.0,1,76,2.3,3,7.5,6,8,81
402,6.8,1,74,2.3,1,6.6,9,8,94
403,2.2,7,83,3.1,4,6.7,2,7,48
404,7.4,7,51,0.0,6,7.8,6,4,80
405,2.6,2,85,2.1,7,4.7,10,6,37
406,4.6,0,100,3.2,4,4.6,6,8,62
407,2.8,7,55,2.6,3,6.3,1,4,51
408,7.0,0,87,1.5,1,4.6,4,3,71
409,4.5,7,77,1.6,6,8.0,6,5,53
410,3.0,5,53,2.5,5,7.2,6,2,29
411,1.4,7,63,3.3,3,,5,2,36
412,5.3,7,62,2.8,7,6.0,7,7,100
413,7.0,6,83,2.9,4,7.2,10,2,77
414,4.1,1,44,4.1,2,8.9,4,5,41
415,2.8,0,45,2.7,7,6.8,8,1,34
416,4.5,1,48,1.9,1,7.7,2,6,68
417,6.0,1,80,2.8,8,7.6,6,9,82
418,2.8,2,81,4.1,3,5.1,8,3,50
419,5.9,7,77,2.5,10,7.1,9,4,71
420,5.0,7,96,2.8,4,9.5,6,4,99
421,2.1,3,61,0.7,8,5.4,2,2,34
422,2.9,5,77,4.0,5,8.5,8,10,71
423,1.8,0,92,5.0,6,6.9,5,8,59
424,4.8,4,71,3.8,10,8.8,9,7,57
425,0.6,7,42,6.4,7,7.2,10,3,47
426,3.6,3,92,2.1,10,7.3,7,8,72
427,6.0,4,69,1.9,9,6.6,6,2,44
428,5.9,1,92,6.1,10,7.6,5,1,29
429,0.7,4,43,0.0,5,6.9,10,3,37
430,4.0,7,86,0.0,6,7.2,1,6,64
431,3.3,6,56,1.9,6,8.6,2,10,64
432,6.5,0,78,4.5,7,6.5,2,5,89
433,4.1,1,54,3.3,10,7.7,1,6,27
434,3.0,5,60,2.3,6,7.3,6,10,67
435,4.2,1,78,4.0,5,6.0,10,8,67
436,3.6,0,52,0.3,8,7.1,5,6,44
437,3.5,2,63,0.0,1,6.5,5,10,78
438,4.8,1,45,1.3,1,7.4,10,5,64
439,3.7,3,89,2.3,3,8.1,3,4,48
440,3.6,6,72,1.6,8,4.9,2,6,32
441,2.7,7,44,2.3,3,5.2,4,5,58
442,5.7,0,46,5.1,6,5.4,9,9,44
443,4.5,4,59,3.8,2,5.8,9,4,46
444,4.0,0,96,0.8,1,6.3,4,9,86
445,4.4,1,82,2.7,10,8.5,3,10,83
446,5.0,7,54,4.7,4,7.1,7,9,99
447,4.1,3,46,2.9,5,6.2,5,8,47
448,2.9,0,58,4.0,1,7.1,8,10,82
449,3.1,7,100,4.5,9,7.0,10,6,41
450,3.7,1,73,5.4,8,9.2,4,1,34
451,4.8,4,55,3.8,6,7.7,10,4,49
452,2.3,4,57,4.1,7,5.8,5,4,11
453,3.0,6,62,4.8,9,6.4,9,9,43
454,2.9,7,53,3.8,1,6.2,5,10,68
455,4.7,3,66,3.1,8,8.0,3,9,41
456,3.5,3,63,5.8,1,8.6,4,2,30
457,3.0,6,78,4.6,6,6.9,9,1,48
458,2.4,1,91,1.6,4,8.9,9,7,79
459,5.2,7,67,1.7,4,4.9,6,7,67
460,5.0,2,95,4.0,8,6.0,9,4,55
461,4.7,2,95,0.3,6,7.8,3,10,99
462,3.5,2,90,4.1,4,5.8,3,3,52
463,6.4,3,90,3.8,7,7.1,4,2,53
464,4.7,7,61,2.5,5,7.5,8,9,87
465,1.4,2,45,4.0,7,6.2,9,10,43
466,3.9,3,88,4.2,1,7.5,7,6,73
467,3.3,1,92,3.3,2,5.4,1,6,71
468,3.3,7,96,0.8,9,5.9,9,4,45
469,5.3,5,70,0.9,8,6.4,8,1,50
470,1.0,3,77,2.0,2,8.1,6,5,20
471,2.8,4,78,2.8,1,6.6,6,8,75
472,4.9,4,40,4.0,6,6.2,4,2,15
473,2.7,5,50,2.6,6,4.1,6,7,55
474,3.7,4,93,5.0,8,5.2,8,3,34
475,1.8,3,58,1.7,10,5.6,4,3,50
476,1.5,2,88,4.1,9,6.9,1,7,14
477,2.3,3,45,3.3,3,5.8,9,10,91
478,3.4,4,94,4.1,2,6.6,6,9,90
479,4.7,7,71,2.2,1,6.2,1,6,63
480,7.0,1,96,5.0,10,7.2,3,5,46
481,4.6,7,67,2.7,6,6.8,4,9,51
482,4.7,4,40,0.6,5,5.0,10,10,62
483,6.6,6,87,4.2,7,6.2,6,9,71
484,3.6,7,88,1.7,7,5.5,1,5,61
485,5.4,1,86,3.4,2,7.0,2,1,50
486,1.9,4,73,5.1,1,5.9,8,6,46
487,4.0,1,49,1.6,1,7.1,1,5,60
488,4.0,4,76,3.1,3,5.2,5,6,17
489,4.6,2,40,1.5,2,8.6,5,9,57
490,2.5,4,47,3.6,9,6.6,3,3,30
491,4.8,6,46,5.1,5,7.9,5,1,35
492,4.8,0,51,3.2,2,6.7,7,10,68
493,5.2,5,53,2.8,3,4.5,8,9,67
494,2.3,6,96,3.0,6,5.5,8,2,46
495,7.4,5,69,3.0,3,5.9,10,10,63
496,2.3,0,41,1.2,3,6.2,2,5,29
497,3.7,5,77,2.3,10,6.1,5,8,48
498,5.2,2,66,2.0,5,7.0,10,3,45
499,3.5,6,78,3.1,4,7.3,9,6,72
500,5.3,3,53,4.0,8,6.4,1,1,23
501,7.3,6,79,1.7,3,4.0,9,3,66
502,6.2,3,92,4.2,9,6.2,8,3,64
503,4.7,6,45,3.2,5,8.4,5,5,67
504,4.4,0,40,4.2,10,7.3,8,7,34
505,2.9,6,71,0.0,5,7.2,6,5,75
506,4.3,1,85,3.1,9,7.7,10,7,75
507,6.4,4,47,3.4,1,7.7,2,5,57
508,3.6,7,60,2.8,7,,7,1,68
509,4.7,6,76,6.4,5,6.0,1,7,23
510,5.6,7,44,2.3,5,6.4,7,3,63
511,2.8,3,57,5.6,9,7.6,2,2,20
512,3.5,7,47,3.3,3,5.3,2,9,52
513,4.5,2,40,3.5,10,6.8,9,6,68
514,3.9,2,47,3.7,6,6.6,2,10,32
515,6.1,0,53,3.5,6,4.9,3,10,92
516,2.6,1,42,3.5,2,7.0,10,4,50
517,4.4,2,74,5.8,8,4.5,2,9,54
518,5.0,7,66,2.6,8,7.0,4,2,68
519,4.3,7,48,2.8,3,4.9,4,8,78
520,4.7,3,68,0.7,6,6.9,1,9,62
521,4.1,1,41,1.2,1,8.2,1,4,62
522,2.2,1,43,2.0,4,4.3,10,7,91
523,2.8,5,87,4.6,4,5.9,8,7,62
524,1.4,2,67,4.0,4,9.4,4,2,51
525,2.8,7,86,2.5,3,5.9,6,7,45
526,2.4,0,64,4.6,7,7.0,1,6,50
527,4.0,6,49,1.2,2,4.3,6,4,63
528,4.5,0,56,3.8,8,5.8,6,9,49
529,2.6,7,76,2.9,2,6.5,9,9,59
530,6.4,3,65,3.2,7,5.7,2,9,62
531,5.5,0,40,3.1,1,6.0,7,3,73
532,2.0,3,66,4.1,8,6.2,9,4,37
533,5.5,3,99,5.9,1,7.6,6,8,91
534,3.4,3,47,5.3,6,7.5,7,6,27
535,3.1,5,49,3.9,10,6.7,3,9,36
536,2.5,7,53,3.3,1,6.0,10,3,49
537,1.0,3,98,2.5,9,7.9,7,1,35
538,3.4,3,82,2.7,6,6.1,5,2,36
539,5.7,0,43,4.1,3,6.0,10,10,67
540,2.7,4,92,2.1,5,6.9,5,1,43
541,1.9,0,92,4.2,9,4.8,6,7,45
542,3.6,6,44,2.9,4,6.3,9,2,60
543,4.2,5,54,2.4,8,5.5,3,1,26
544,4.4,2,77,5.4,2,5.8,9,5,59
545,2.8,0,85,2.6,2,6.1,6,1,53
546,0.5,2,78,1.5,9,6.4,8,3,59
547,1.8,4,49,4.1,4,7.0,3,4,61
548,4.7,7,59,2.9,8,6.0,1,7,74
549,3.7,7,95,0.8,3,5.7,1,5,63
550,3.4,0,79,2.2,7,7.2,3,6,56
551,6.4,1,77,2.8,3,6.5,7,9,87
552,5.2,2,47,2.9,7,6.8,3,9,35
553,4.0,5,96,2.9,9,3.8,9,6,42
554,3.8,7,96,2.7,4,8.1,7,4,57
555,3.9,7,61,3.5,8,8.0,4,7,70
556,3.3,2,88,2.7,8,6.5,8,2,40
557,5.1,4,97,3.2,10,5.1,7,4,55
558,3.8,3,40,3.5,7,8.0,9,2,53
559,4.6,0,81,0.8,4,6.4,9,5,84
560,1.9,7,96,1.7,2,6.5,1,4,77
561,4.2,6,100,1.3,2,5.5,2,1,73
562,3.8,2,77,1.2,7,4.6,5,10,66
563,4.1,1,67,1.3,2,7.6,6,6,43
564,4.2,3,62,1.3,6,5.1,6,2,67
565,3.8,1,74,4.0,7,6.7,7,3,63
566,1.9,2,92,1.8,7,5.8,7,7,66
567,3.8,4,84,1.6,10,7.4,9,3,63
568,5.0,2,76,6.5,1,6.2,6,1,28
569,3.9,2,84,0.0,5,6.1,2,2,44
570,6.6,3,72,0.0,3,7.5,8,9,97
571,4.1,0,99,4.3,1,5.3,5,9,81
572,6.3,1,81,2.2,8,5.6,2,3,48
573,5.2,1,90,5.5,8,6.6,2,6,32
574,5.2,1,85,4.3,6,5.2,9,2,37
575,3.2,7,97,2.9,6,5.8,1,9,49
576,4.7,2,65,3.3,7,5.9,3,8,57
577,3.3,0,85,1.6,3,5.2,2,1,41
578,4.6,7,99,0.2,1,5.1,10,7,94
579,3.5,3,62,2.9,5,5.7,4,10,69
580,2.5,5,76,0.0,1,6.7,10,7,70
581,2.6,1,91,1.7,2,5.2,4,8,40
582,3.9,3,87,1.2,6,7.1,8,10,88
583,0.5,4,82,5.7,1,5.7,9,2,62
584,4.4,2,56,2.8,2,6.2,10,9,69
585,5.5,1,96,3.4,3,7.2,5,7,61
586,5.0,5,94,0.2,6,6.6,9,5,74
587,6.6,2,52,2.2,5,7.4,1,6,60
588,4.8,1,58,1.8,9,6.0,1,3,43
589,4.6,6,55,3.9,5,5.0,2,4,42
590,3.2,0,94,2.2,3,3.7,9,8,67
591,2.6,1,77,1.6,9,6.6,5,6,51
592,2.6,0,88,5.5,3,5.6,1,4,53
593,1.0,1,41,,7,6.8,10,9,20
594,4.7,6,81,3.3,2,7.3,5,6,77
595,6.0,6,52,3.5,1,5.8,8,7,68
596,6.7,5,94,3.9,3,4.5,8,5,48
597,4.9,5,86,2.4,2,6.0,1,10,60
598,5.6,6,53,3.6,2,4.2,8,10,67
599,2.9,6,59,1.4,6,7.6,7,2,37
600,2.1,1,96,2.5,9,6.2,6,9,46
601,4.9,7,52,5.4,9,6.6,9,8,78
602,4.6,5,43,4.7,1,5.3,9,9,57
603,4.3,1,74,0.2,10,8.0,9,8,76
604,6.2,7,88,0.0,9,5.2,2,4,59
605,1.7,1,79,4.8,9,8.2,10,6,64
606,5.3,7,81,0.6,10,5.8,1,9,80
607,5.1,0,99,4.8,3,6.4,10,10,95
608,4.0,7,60,3.0,9,8.3,7,2,50
609,4.4,3,99,6.6,2,5.2,8,5,75
610,4.3,1,42,4.5,3,6.4,4,1,62
611,2.7,7,94,5.1,7,9.6,4,10,76
612,3.0,3,58,3.6,7,6.9,10,6,54
613,4.5,4,87,1.8,3,7.2,10,7,61
614,3.6,3,77,0.7,2,6.5,2,4,50
615,1.8,0,80,5.0,8,6.3,9,3,39
616,4.0,3,72,1.3,1,7.5,10,8,85
617,0.9,3,59,6.2,2,6.9,9,4,28
618,4.9,5,81,0.9,8,7.1,2,2,58
619,5.8,1,95,2.9,5,9.6,2,6,59
620,3.5,0,40,4.0,1,5.5,9,9,76
621,3.9,3,50,,7,6.3,3,1,34
622,6.0,0,62,3.0,1,7.2,4,1,60
623,2.7,0,76,4.3,2,7.1,10,3,59
624,4.5,5,97,1.2,5,4.8,1,9,63
625,4.2,7,96,3.1,8,6.4,9,7,70
626,4.1,3,66,,8,7.8,6,4,43
627,4.3,5,74,6.1,10,6.3,1,7,64
628,3.5,2,89,2.2,9,7.2,9,6,44
629,5.2,2,73,4.1,6,,5,1,49
630,3.8,3,88,3.5,1,6.7,7,4,74
631,5.4,6,90,3.2,3,7.4,8,7,83
632,5.3,4,67,5.8,2,3.5,7,10,71
633,4.3,0,81,3.5,7,5.0,9,6,83
634,3.0,1,73,0.6,4,8.2,1,7,65
635,3.4,5,64,3.3,8,7.7,5,2,34
636,5.8,2,59,5.6,10,6.3,8,2,42
637,3.4,2,51,3.5,6,6.9,8,6,38
638,3.8,2,100,3.1,8,6.2,6,1,69
639,3.6,5,63,3.5,10,9.3,9,4,20
640,4.4,1,58,4.4,1,7.0,8,4,47
641,2.3,0,94,4.1,7,6.2,4,3,31
642,5.2,4,63,4.4,4,5.7,9,6,67
643,1.5,4,99,3.4,3,7.3,4,9,69
644,3.8,4,58,1.7,4,5.7,10,1,36
645,5.0,0,71,0.0,9,5.9,2,1,56
646,5.2,5,86,1.9,2,5.5,8,6,58
647,2.9,0,87,5.2,8,6.7,6,10,70
648,3.4,0,54,5.4,10,7.7,4,7,55
649,1.7,2,97,4.4,5,5.6,9,1,58
650,1.5,6,81,4.1,6,7.3,3,8,62
651,3.8,2,57,4.8,5,5.7,10,9,54
652,7.0,5,65,3.7,8,6.2,2,4,63
653,3.6,4,42,2.6,2,5.0,7,5,35
654,1.9,0,58,3.6,5,6.6,9,9,43
655,4.8,7,73,0.7,5,8.3,7,3,58
656,3.4,1,91,3.4,4,5.3,6,4,45
657,3.7,2,52,0.9,3,6.2,1,9,54
658,6.7,6,45,0.0,2,8.1,4,6,69
659,3.6,4,61,0.0,4,6.2,1,8,67
660,3.1,7,87,0.5,4,6.1,9,8,52
661,5.6,4,60,2.1,10,5.5,5,10,73
662,4.3,5,94,0.8,1,3.4,2,10,90
663,4.7,3,75,3.1,4,6.9,7,2,42
664,7.5,4,40,4.9,8,6.9,5,2,30
665,3.7,1,62,6.6,6,8.9,4,5,23
666,2.9,0,79,2.1,7,7.6,3,3,48
667,4.0,5,91,4.0,4,6.6,6,1,44
668,3.3,3,91,0.2,10,4.4,3,2,31
669,4.8,3,96,1.3,8,4.7,4,10,83
670,2.3,0,87,2.0,3,5.3,1,7,60
671,4.4,4,87,1.5,8,8.6,4,10,68
672,1.4,4,43,4.6,4,6.8,2,8,27
673,3.7,3,40,2.7,10,3.0,5,4,30
674,6.4,6,47,5.7,9,6.2,5,3,33
675,2.9,7,86,2.9,5,4.4,8,3,45
676,4.0,2,76,1.1,10,6.9,6,6,32
677,6.4,7,46,0.8,10,6.5,3,6,47
678,3.8,7,72,2.9,1,4.2,5,4,87
679,4.4,7,78,4.6,2,7.6,5,3,84
680,5.6,3,57,0.2,7,6.1,8,9,72
681,2.5,7,59,1.4,6,7.7,7,3,63
682,2.4,6,75,3.1,6,6.3,5,6,42
683,2.5,1,81,4.0,2,6.8,2,5,42
684,6.6,4,65,4.7,5,5.7,3,3,84
685,4.6,6,75,1.8,9,5.6,7,7,55
686,3.7,5,86,2.4,7,4.8,3,9,67
687,4.2,5,55,2.7,10,7.8,8,8,57
688,3.7,5,98,4.4,10,6.3,1,2,34
689,6.1,0,65,3.0,3,9.4,2,7,70
690,3.9,1,85,4.2,5,7.1,5,4,34
691,2.0,3,68,1.7,1,5.3,1,3,71
692,1.0,1,73,3.9,8,5.5,4,5,25
693,5.7,1,90,6.3,7,6.7,2,5,68
694,2.1,1,79,2.4,3,7.5,6,6,74
695,3.9,0,95,4.3,6,5.6,10,10,64
696,5.6,0,49,,4,5.3,2,4,44
697,4.6,3,89,2.1,3,7.3,6,10,92
698,5.4,1,79,0.1,9,6.5,7,10,89
699,5.2,7,94,2.0,8,6.4,9,2,59
700,6.7,6,64,3.5,6,7.2,7,6,95
701,2.9,3,50,2.0,5,6.7,4,2,31
702,5.2,7,61,3.1,1,7.9,7,3,65
703,5.0,3,68,3.1,4,6.5,3,2,52
704,2.3,0,67,6.6,9,3.0,3,9,22
705,3.0,1,87,2.1,9,5.8,9,2,54
706,1.2,1,90,0.0,10,6.3,5,6,48
707,2.3,0,99,4.7,3,7.1,4,8,66
708,6.4,0,87,4.1,3,4.7,8,8,92
709,4.2,7,87,4.2,3,6.9,2,7,59
710,3.7,6,87,1.6,9,6.9,2,3,59
711,3.8,3,65,3.2,8,6.6,10,1,51
712,6.3,2,85,4.7,10,5.6,4,7,60
713,4.4,0,42,2.6,9,6.5,1,8,70
714,1.9,2,96,2.7,4,4.3,6,5,46
715,3.2,3,88,4.8,6,7.0,5,6,53
716,3.3,7,78,0.3,5,9.3,1,10,68
717,8.4,1,58,3.7,6,6.8,10,10,89
718,4.0,3,40,2.2,3,7.9,2,9,60
719,1.8,7,57,2.0,3,6.5,5,4,39
720,4.0,3,81,2.9,4,8.6,6,6,84
721,2.9,1,65,7.4,5,7.0,10,7,46
722,2.5,5,45,1.2,7,7.9,10,7,56
723,4.8,6,42,2.3,1,5.8,1,7,52
724,6.0,1,89,2.6,8,6.9,2,2,51
725,2.3,0,78,4.3,2,7.0,2,9,47
726,4.8,1,87,0.6,5,6.6,5,6,79
727,4.2,5,50,0.0,1,,4,7,67
728,3.7,6,64,3.8,8,7.1,7,7,23
729,2.7,4,73,1.9,2,6.4,5,7,69
730,7.0,6,71,4.1,8,4.3,6,4,61
731,2.0,5,83,1.3,9,7.3,2,6,36
732,3.8,3,85,3.5,4,7.3,1,8,27
733,5.5,3,70,4.3,8,6.5,5,1,37
734,6.1,6,64,1.5,4,7.8,8,10,100
735,5.6,4,77,2.3,7,7.7,4,6,62
736,2.9,7,56,4.1,3,5.5,6,7,33
737,1.3,0,87,,4,6.5,5,9,72
738,4.8,3,83,0.3,8,7.5,4,10,69
739,4.9,1,46,4.5,2,5.6,10,10,61
740,4.3,1,52,3.2,2,4.6,6,6,65
741,2.2,7,91,3.2,6,6.0,2,6,53
742,0.5,5,70,3.0,2,5.8,6,4,49
743,2.8,4,95,4.7,2,9.5,8,7,68
744,2.1,2,87,2.9,10,7.6,6,4,59
745,2.2,2,51,0.6,10,7.0,4,4,22
746,2.9,3,72,3.2,8,6.1,7,6,54
747,4.8,1,69,3.0,9,6.1,5,5,38
748,1.9,4,50,3.1,6,5.3,9,5,72
749,4.1,5,88,2.9,3,4.7,6,3,59
750,4.2,5,63,0.9,9,8.0,9,8,59
751,6.5,1,56,1.6,7,6.0,9,9,89
752,2.6,7,56,2.4,7,6.4,2,3,43
753,5.0,1,49,6.0,2,8.2,2,1,23
754,2.8,0,73,5.1,6,6.3,9,5,62
755,2.1,5,51,2.4,9,7.3,2,10,41
756,3.8,3,73,5.1,5,7.2,4,7,35
757,5.8,2,92,3.7,2,6.2,1,7,66
758,4.2,1,81,0.8,2,6.3,1,10,52
759,2.3,6,68,4.7,7,6.6,1,1,50
760,3.9,0,42,3.7,9,5.2,8,8,52
761,3.8,6,43,2.4,7,6.9,5,7,35
762,2.4,2,40,0.7,9,6.9,6,2,68
763,3.6,2,97,3.1,4,6.8,1,5,33
764,1.6,3,49,,4,5.9,2,9,17
765,1.4,7,46,3.0,3,5.7,8,3,31
766,1.7,3,61,4.5,2,8.6,1,7,27
767,3.1,3,60,1.1,3,6.7,5,6,66
768,3.1,0,52,3.1,9,7.9,1,1,32
769,1.7,1,62,1.9,4,7.7,3,1,42
770,3.5,1,54,2.0,1,,5,5,46
771,5.8,3,82,4.9,5,6.9,1,9,74
772,4.3,7,69,1.4,10,6.0,9,4,56
773,5.1,3,76,6.2,1,7.4,9,8,74
774,3.7,0,96,2.9,4,7.4,9,4,47
775,3.3,2,95,1.1,4,5.9,4,6,70
776,5.4,2,77,4.6,5,5.3,8,8,58
777,3.7,0,65,4.8,3,7.0,6,3,35
778,5.6,7,77,1.8,8,5.7,4,5,48
779,2.4,0,70,5.5,5,7.4,3,3,47
780,1.7,6,67,2.5,10,8.1,1,3,44
781,6.5,5,69,6.7,10,8.8,9,10,49
782,5.9,3,67,2.9,1,6.9,7,10,81
783,6.4,3,59,1.0,4,7.2,10,6,100
784,4.9,6,93,0.6,7,6.2,7,1,58
785,3.0,6,55,1.8,5,7.8,7,10,49
786,3.0,1,76,0.8,3,5.7,2,5,61
787,3.4,5,64,3.6,2,9.3,3,8,62
788,3.9,1,71,,8,5.3,5,8,98
789,4.9,1,49,2.7,7,5.6,8,8,61
790,3.5,7,55,2.6,8,6.7,3,9,42
791,2.9,5,86,2.5,5,5.1,2,1,18
792,6.2,0,96,0.0,3,7.0,8,9,69
793,5.1,1,89,2.0,2,5.4,9,9,59
794,6.1,3,64,5.0,6,7.6,7,6,59
795,0.8,1,79,5.8,9,6.6,1,4,46
796,6.2,5,49,2.7,2,6.9,7,6,51
797,4.8,4,78,1.7,9,7.1,1,3,26
798,5.9,4,49,2.0,10,5.7,6,5,17
799,4.0,3,41,5.0,1,6.8,10,6,32
800,4.4,4,59,2.6,5,,3,1,47
801,5.5,6,59,1.0,10,5.3,9,10,62
802,4.6,7,86,2.9,10,5.4,2,10,30
803,3.7,7,72,2.4,8,6.3,6,9,62
804,5.4,3,87,4.4,6,7.4,8,4,69
805,6.1,4,48,1.0,5,7.1,3,4,60
806,5.1,2,59,3.7,6,6.3,10,6,69
807,2.4,7,97,2.8,3,6.1,4,7,82
808,2.0,6,66,0.8,6,5.7,2,8,80
809,1.5,0,95,1.9,2,4.6,5,10,56
810,2.5,1,64,5.4,5,7.3,7,8,28
811,4.2,6,73,5.4,5,6.3,5,6,52
812,3.0,2,91,5.6,1,7.8,3,3,62
813,5.7,5,44,1.1,7,6.1,9,1,54
814,4.7,1,42,2.7,7,6.1,6,7,65
815,0.8,7,48,1.9,6,6.3,10,4,58
816,4.6,3,63,1.2,10,7.2,1,10,59
817,4.9,1,68,4.0,2,7.9,8,8,96
818,5.3,6,59,3.7,8,8.7,2,8,66
819,5.3,0,40,3.5,9,7.3,5,5,25
820,3.9,4,76,3.5,4,6.4,3,10,45
821,5.3,6,45,5.7,2,8.1,5,7,68
822,4.5,1,85,2.7,8,7.8,6,8,55
823,5.0,4,84,3.1,8,6.5,6,4,37
824,6.3,5,72,1.3,7,6.4,7,6,74
825,3.8,2,97,4.1,10,5.1,5,1,22
826,5.4,4,60,3.7,5,7.3,4,2,58
827,1.5,4,93,4.5,1,6.3,5,7,31
828,6.2,7,47,3.4,6,7.3,2,10,62
829,2.7,6,84,1.4,7,6.3,6,9,64
830,1.2,6,89,2.7,9,5.6,8,2,26
831,3.0,5,95,3.7,9,,10,7,51
832,5.6,4,52,5.0,10,8.7,10,5,54
833,3.5,5,42,,2,6.5,10,8,74
834,4.3,7,74,4.7,9,6.4,10,8,44
835,4.7,4,60,3.4,7,4.6,2,6,60
836,3.3,5,60,3.3,4,7.1,9,9,74
837,3.0,0,55,3.2,3,4.8,8,2,35
838,4.2,4,89,0.8,7,6.1,1,4,43
839,5.7,7,67,2.2,5,5.3,3,8,59
840,4.0,3,88,3.8,5,6.5,3,2,63
841,4.7,6,91,4.2,9,7.7,1,4,59
842,2.9,3,67,0.8,9,7.3,2,1,48
843,1.8,6,46,3.1,5,7.9,3,9,47
844,3.3,5,85,4.3,10,6.4,8,2,52
845,2.8,4,68,4.0,10,6.6,3,9,50
846,5.6,5,56,1.1,3,6.8,1,7,59
847,2.7,1,85,4.8,3,5.7,5,5,31
848,3.8,5,96,2.7,6,7.0,4,4,64
849,1.3,1,45,0.3,8,6.7,5,6,32
850,5.7,7,76,2.1,7,5.9,2,2,41
851,4.1,0,57,2.1,10,6.6,4,9,57
852,3.3,2,43,0.4,9,6.6,1,10,63
853,5.3,4,51,2.8,2,7.5,8,8,81
854,2.1,5,99,2.4,6,8.6,2,6,42
855,1.2,0,40,4.8,9,7.2,10,1,11
856,3.9,2,97,5.9,9,8.1,5,8,31
857,4.7,2,88,3.3,6,5.9,4,7,61
858,2.4,3,72,4.3,5,6.1,1,8,66
859,2.3,7,61,3.0,2,6.6,2,7,58
860,5.9,7,88,2.3,5,7.0,2,2,81
861,2.9,1,71,3.8,7,5.0,3,4,65
862,4.3,3,84,3.1,1,5.9,8,4,54
863,7.2,3,74,2.7,3,6.1,4,1,46
864,3.9,7,60,3.2,6,7.4,7,7,75
865,0.6,4,57,1.8,5,,8,5,50
866,1.8,7,97,4.2,4,7.2,7,2,52
867,4.3,7,90,3.7,6,7.5,1,2,62
868,4.9,6,44,3.8,5,7.1,4,7,55
869,4.1,7,79,,10,4.7,10,4,66
870,3.5,4,85,4.4,9,6.7,8,1,51
871,2.9,4,62,2.6,5,6.0,5,2,57
872,4.1,7,47,3.7,7,6.0,8,7,74
873,1.8,1,84,5.5,6,4.6,7,10,76
874,2.8,4,56,3.1,6,9.2,7,8,35
875,2.0,2,100,2.4,2,6.9,8,9,56
876,3.2,2,75,2.4,5,7.7,1,9,64
877,5.8,2,75,3.7,10,7.0,3,2,34
878,2.9,5,50,2.2,4,3.0,4,3,41
879,1.1,6,72,2.3,8,7.5,10,3,64
880,5.1,0,92,5.7,3,6.6,3,9,74
881,4.1,6,80,2.4,8,6.1,2,5,38
882,1.8,5,97,1.3,2,4.5,4,1,54
883,2.3,0,61,0.3,4,5.8,3,4,63
884,3.2,6,49,2.8,8,6.5,2,2,32
885,3.8,2,94,4.0,9,6.2,6,2,36
886,3.7,4,71,2.3,5,7.4,3,2,54
887,4.4,1,97,0.9,8,8.3,3,9,60
888,1.9,1,53,2.3,2,6.1,6,8,40
889,3.3,1,76,5.5,2,4.7,6,6,69
890,3.3,6,55,4.0,4,6.4,8,6,85
891,1.7,0,53,1.8,4,9.4,5,3,30
892,5.4,0,50,1.4,6,4.4,9,1,54
893,2.2,6,47,3.9,4,6.2,9,10,53
894,1.5,1,78,2.9,2,7.0,3,6,47
895,6.7,7,98,2.1,3,6.5,9,4,92
896,4.1,3,94,2.7,6,5.6,5,4,53
897,4.3,4,46,3.7,3,5.0,6,10,91
898,3.4,4,41,1.7,3,5.5,6,8,63
899,2.6,4,50,4.2,3,6.5,7,5,46
900,3.6,1,46,2.7,6,5.4,4,4,55
901,2.3,1,58,3.8,10,5.5,4,3,11
902,3.6,3,96,4.9,1,6.8,6,6,65
903,3.4,7,44,1.4,4,7.7,9,4,57
904,6.3,2,66,3.7,2,5.9,6,8,72
905,1.8,6,100,2.5,2,7.2,8,6,59
906,4.5,3,71,2.2,2,5.2,7,10,71
907,4.4,3,87,3.9,8,7.4,5,10,62
908,5.0,0,61,1.3,7,7.7,10,3,73
909,2.5,1,96,2.1,8,6.1,5,5,39
910,5.4,4,58,1.2,6,5.6,8,1,99
911,3.9,1,94,1.1,10,5.0,2,10,43
912,6.4,1,93,5.6,4,6.5,9,5,63
913,3.2,7,46,1.6,3,9.1,2,3,64
914,2.7,5,97,2.1,6,6.8,3,10,43
915,4.5,6,51,2.5,3,8.1,9,8,93
916,0.5,5,57,3.3,3,4.1,4,3,34
917,6.4,1,88,1.9,4,7.0,9,6,97
918,2.4,2,70,1.6,4,5.1,1,6,43
919,7.7,3,58,2.0,2,5.0,8,4,54
920,4.7,6,62,1.9,4,6.7,5,4,72
921,3.3,1,48,2.8,2,5.4,6,4,79
922,2.8,6,51,2.2,8,6.4,1,8,19
923,1.3,6,61,4.2,5,7.1,3,6,50
924,4.4,7,77,1.9,7,5.8,1,4,48
925,4.0,7,90,3.5,2,7.5,10,1,79
926,3.7,5,43,2.6,10,7.7,2,8,46
927,5.0,0,45,3.4,10,5.6,2,3,25
928,5.5,6,64,1.9,4,4.5,6,8,74
929,4.3,7,65,4.4,7,6.5,4,10,43
930,2.4,3,72,3.4,2,6.5,6,10,81
931,3.8,3,89,2.8,1,3.4,3,6,66
932,4.0,1,90,0.0,7,5.5,7,9,69
933,4.4,2,89,1.5,9,6.1,4,9,76
934,3.5,6,89,3.4,9,6.4,4,7,53
935,4.2,6,64,2.2,1,6.9,9,6,83
936,3.5,1,44,4.2,9,,8,6,27
937,2.6,3,81,,7,9.1,9,2,57
938,6.1,6,90,3.8,9,4.9,9,8,73
939,2.7,1,93,1.6,1,5.8,9,3,71
940,4.6,4,78,2.5,2,7.1,1,1,51
941,3.1,0,43,3.6,1,6.1,9,3,47
942,1.6,1,86,4.7,9,5.1,4,2,6
943,4.3,3,86,3.5,9,6.4,5,2,64
944,4.7,4,90,2.7,7,6.8,1,10,54
945,1.7,6,55,1.7,7,4.9,4,7,85
946,2.8,3,71,0.0,9,5.3,5,3,8
947,4.6,1,69,3.0,1,8.0,4,1,25
948,7.5,3,63,2.5,6,6.9,6,8,73
949,5.0,0,93,0.0,10,6.1,5,7,67
950,3.6,0,41,3.6,8,6.7,7,6,18
951,4.8,1,43,3.9,1,4.8,10,5,58
952,1.8,7,78,3.3,8,5.6,5,8,52
953,2.2,5,66,2.0,5,5.9,3,2,44
954,5.4,1,65,3.0,9,5.8,2,3,16
955,3.8,5,98,2.4,7,6.2,3,2,47
956,4.1,4,48,0.9,5,8.1,8,6,76
957,1.6,6,96,1.5,8,6.1,4,9,59
958,2.5,7,50,1.3,6,7.4,2,6,38
959,0.5,6,40,3.8,3,4.4,8,9,45
960,2.1,7,90,4.6,2,5.5,7,1,45
961,4.8,3,55,2.5,3,5.2,5,7,34
962,4.1,2,41,3.7,10,7.3,3,9,56
963,3.2,2,96,1.6,5,7.1,10,2,76
964,4.9,2,53,3.0,9,5.1,2,8,48
965,5.6,0,75,3.3,7,5.5,3,5,40
966,3.4,0,57,0.3,3,7.8,9,8,97
967,4.3,5,54,3.2,6,6.1,10,7,61
968,6.6,0,98,3.4,1,7.6,9,6,81
969,3.2,2,97,3.5,7,6.3,1,6,52
970,4.2,5,64,0.0,5,5.0,7,2,57
971,4.0,7,60,4.0,10,6.6,1,5,38
972,3.2,3,57,3.5,3,4.6,8,1,50
973,5.0,4,54,2.4,6,7.1,7,5,66
974,4.2,6,58,4.6,4,6.8,9,1,79
975,3.4,4,59,1.6,9,5.0,2,1,12
976,2.1,6,68,0.0,8,8.2,10,1,43
977,5.4,0,77,5.8,6,6.7,7,10,70
978,4.5,3,42,3.6,9,8.8,10,10,37
979,6.8,7,58,3.5,5,7.1,4,4,57
980,3.0,1,95,3.7,4,5.4,8,1,43
981,2.4,0,91,1.0,8,4.3,4,8,37
982,5.6,4,100,2.5,7,5.3,5,4,50
983,4.0,4,74,2.2,9,5.9,4,6,18
984,6.4,0,77,3.6,1,7.9,10,1,62
985,4.0,0,57,3.0,4,6.0,3,3,70
986,6.7,2,66,4.9,2,5.9,4,2,65
987,5.7,7,70,6.1,2,5.5,8,4,64
988,3.1,7,66,3.1,5,7.9,2,4,22
989,1.4,4,59,2.2,1,5.8,7,3,47
990,4.6,4,92,4.4,7,7.2,1,7,83
991,3.1,2,40,4.8,3,8.2,8,6,32
992,5.4,7,75,1.2,1,6.9,6,8,86
993,2.2,6,41,2.3,8,6.2,5,8,38
994,8.2,0,66,2.2,3,5.2,10,10,66
995,0.5,5,70,5.2,5,7.3,5,2,18
996,3.2,1,77,5.3,4,6.7,1,3,39
997,6.5,3,51,5.2,9,4.6,8,2,75
998,5.3,4,91,2.0,2,6.3,4,4,53
999,3.7,4,66,4.3,6,6.4,4,4,35
1000,3.6,6,82,3.3,5,6.0,2,2,55
1001,3.9,7,85,2.8,7,4.9,3,2,50
1002,3.1,2,50,5.5,2,9.1,5,3,61
1003,3.8,5,73,0.8,6,4.8,1,4,67
1004,5.8,4,80,1.8,8,5.6,7,9,68
1005,3.8,3,52,3.7,5,5.6,9,2,31
1006,5.3,7,67,1.7,8,9.1,4,1,43
1007,5.3,1,88,4.9,9,8.0,1,9,55
1008,2.5,4,68,2.7,9,6.7,1,6,13
1009,4.5,3,65,1.7,3,6.3,6,7,63
1010,4.1,4,48,3.2,6,5.1,4,5,43
1011,7.6,2,64,4.2,6,4.6,10,9,74
1012,3.3,5,61,3.4,6,9.3,9,5,81
1013,4.0,4,75,0.0,3,7.4,5,10,84
1014,3.5,2,55,2.3,5,6.5,10,7,52
1015,7.2,0,43,2.3,7,6.5,8,9,77
1016,5.1,1,72,2.4,7,7.4,7,6,70
1017,4.8,1,82,3.3,6,6.7,9,1,45
1018,2.4,5,42,1.9,8,6.6,4,7,51
1019,3.4,3,70,4.1,1,6.9,7,2,72
1020,3.4,0,90,1.8,2,7.5,6,1,64
1021,5.1,4,62,3.0,1,7.0,8,6,72
1022,4.9,1,44,4.1,1,8.4,8,7,57
1023,5.4,1,68,1.3,10,6.3,3,8,41
1024,5.1,3,65,5.2,9,6.9,1,8,20
1025,5.3,7,45,1.1,1,6.7,1,7,62
1026,5.0,4,62,1.3,3,5.7,3,2,48
1027,4.4,1,73,2.3,6,7.6,8,5,76
1028,3.3,6,89,0.6,7,6.7,9,6,72
1029,6.3,3,94,1.8,1,8.6,2,5,85
1030,3.8,6,82,1.3,7,5.7,5,9,56
1031,1.8,6,59,,9,7.4,8,5,45
1032,5.7,1,67,1.4,10,7.4,2,1,44
1033,2.7,6,47,2.7,1,8.3,8,5,56
1034,7.8,1,44,1.2,9,7.5,9,4,68
1035,4.4,7,55,4.7,6,6.7,5,8,53
1036,3.2,0,51,1.6,1,6.9,1,7,57
1037,7.0,4,56,3.8,10,6.5,2,5,25
1038,4.0,0,78,3.1,5,7.9,4,6,61
1039,2.5,5,81,3.1,10,5.0,8,10,69
1040,5.1,0,87,2.5,5,6.2,2,8,62
1041,4.7,4,91,0.6,8,4.6,3,3,70
1042,3.7,4,90,3.3,10,5.5,6,2,40
1043,6.5,1,58,6.2,3,5.7,8,5,28
1044,5.5,2,93,4.1,7,7.3,6,5,71
1045,4.4,7,95,1.8,8,7.7,5,9,66
1046,4.1,7,77,5.7,9,7.2,9,4,59
1047,3.3,6,50,4.3,1,6.2,9,4,60
1048,2.5,5,96,1.7,5,5.8,5,2,50
1049,1.8,5,59,3.3,6,6.1,1,6,31
1050,5.0,4,93,4.3,2,4.9,2,5,64
1051,4.5,0,82,1.9,8,5.6,3,3,60
1052,5.4,1,56,4.4,8,6.3,10,4,41
1053,3.0,4,63,5.7,4,6.9,1,4,25
1054,3.9,1,92,1.0,10,5.5,10,3,71
1055,1.3,3,84,2.6,10,6.5,3,4,50
1056,4.9,3,70,5.2,4,5.4,1,6,42
1057,5.6,6,94,3.5,9,8.1,1,7,70
1058,6.4,0,92,1.7,2,6.6,7,10,82
1059,6.8,7,77,0.7,7,3.8,10,10,69
1060,5.7,5,65,1.0,10,7.0,10,2,65
1061,0.5,5,73,4.6,10,5.8,1,1,4
1062,4.9,2,46,3.9,10,4.4,3,4,28
1063,4.2,4,94,4.8,8,4.5,6,4,44
1064,3.1,6,95,2.4,1,6.6,3,7,79
1065,1.4,5,68,3.3,7,8.7,2,6,47
1066,4.0,4,79,0.0,3,7.7,9,6,61
1067,1.9,6,91,4.7,4,,9,6,88
1068,5.7,1,62,,6,4.3,10,9,62
1069,5.0,5,56,3.3,1,5.2,6,1,45
1070,3.1,0,47,2.2,3,5.8,1,5,26
1071,3.6,5,85,1.2,3,5.6,5,1,45
1072,3.9,7,76,2.4,3,8.0,9,4,84
1073,5.4,2,65,5.0,7,7.0,10,4,59
1074,4.7,1,58,3.1,4,6.4,9,5,99
1075,4.0,5,50,3.0,3,5.3,3,7,58
1076,7.3,6,42,0.3,6,6.1,7,10,87
1077,4.0,1,63,1.9,10,6.8,1,10,61
1078,4.7,2,52,4.6,8,,8,8,55
1079,1.5,1,80,2.3,3,7.2,5,7,47
1080,4.8,5,65,5.1,4,7.4,4,3,40
1081,4.9,5,78,1.4,6,5.9,9,8,89
1082,1.7,3,47,1.7,3,,7,10,64
1083,5.6,2,88,3.4,8,6.0,1,1,28
1084,5.5,0,84,4.4,1,6.2,5,7,57
1085,2.6,6,74,3.5,1,5.6,6,9,59
1086,3.1,6,64,5.5,8,7.7,2,3,47
1087,3.9,0,85,2.9,6,4.8,2,10,64
1088,4.1,1,94,3.6,7,5.2,3,6,31
1089,2.8,5,63,3.9,1,8.5,9,4,53
1090,3.5,2,74,3.5,6,6.6,5,3,28
1091,4.3,5,46,0.7,10,5.4,2,8,39
1092,4.3,2,91,2.2,10,6.8,9,8,36
1093,1.8,2,40,0.4,9,7.5,6,10,42
1094,4.6,2,97,1.4,3,5.3,9,2,54
1095,3.3,1,58,3.4,1,5.9,9,5,52
1096,3.0,7,98,3.9,3,5.5,4,5,56
1097,6.9,6,44,3.7,10,7.0,10,10,83
1098,2.0,3,44,2.7,9,5.1,4,5,13
1099,2.7,6,68,0.8,1,5.7,1,7,84
1100,4.0,6,84,3.2,8,5.0,9,2,51
1101,1.5,4,55,1.2,2,6.3,8,2,52
1102,4.4,3,89,2.0,2,6.7,3,1,52
1103,5.1,3,44,4.0,3,8.7,10,7,68
1104,3.4,4,45,3.2,2,8.0,4,2,52
1105,3.4,1,54,4.2,7,7.0,1,7,50
1106,3.4,7,50,1.6,8,7.6,3,8,60
1107,3.9,7,97,0.9,1,5.9,9,4,65
1108,3.6,4,73,2.6,3,6.9,6,7,74
1109,0.9,7,41,3.3,8,,10,1,37
1110,4.0,7,51,6.0,6,8.2,2,10,74
1111,4.4,3,41,0.7,8,5.9,4,1,35
1112,6.6,0,51,2.7,9,8.6,1,5,48
1113,5.0,7,76,2.2,6,6.2,10,3,49
1114,5.3,6,47,3.8,3,6.1,10,6,88
1115,4.7,3,48,3.3,1,6.2,2,3,38
1116,2.8,5,74,2.7,5,6.7,8,3,31
1117,3.4,1,96,4.2,6,5.3,8,8,51
1118,1.7,4,81,4.1,9,7.0,5,1,29
1119,5.0,1,80,4.9,8,5.9,8,1,47
1120,8.5,0,60,4.6,3,4.7,7,10,67
1121,3.2,5,63,0.0,7,7.6,7,10,76
1122,3.8,2,58,2.6,1,7.5,2,3,63
1123,5.4,5,57,4.9,4,6.8,3,6,40
1124,5.9,2,85,3.9,9,6.9,7,2,40
1125,0.5,2,77,3.5,10,6.8,8,6,60
1126,4.4,1,70,5.2,9,9.2,7,6,67
1127,2.5,1,98,4.2,1,6.3,10,4,57
1128,4.1,7,42,3.6,9,7.3,7,9,60
1129,1.5,2,72,3.4,10,7.2,7,2,33
1130,5.3,6,64,3.7,7,7.0,5,7,53
1131,2.6,5,70,3.3,4,7.4,7,7,52
1132,0.5,4,92,4.6,5,5.9,5,8,22
1133,4.6,6,58,3.2,9,5.6,2,3,44
1134,4.9,7,40,1.3,3,7.2,6,7,89
1135,4.3,6,61,2.8,3,7.6,10,8,97
1136,1.6,4,77,3.1,3,5.7,10,3,71
1137,7.4,1,47,3.0,8,7.5,2,3,50
1138,0.8,4,64,2.5,2,8.8,2,4,43
1139,4.6,7,82,2.8,7,5.5,10,8,87
1140,2.6,2,48,4.4,1,7.5,2,9,52
1141,6.0,6,65,2.8,6,7.2,6,9,92
1142,4.8,0,100,3.9,9,4.0,7,6,53
1143,5.1,4,77,5.0,8,6.6,3,6,48
1144,3.6,1,53,1.5,6,7.9,8,8,50
1145,4.4,6,85,3.9,2,7.7,6,5,80
1146,2.7,0,69,1.5,7,5.0,10,4,57
1147,4.3,6,90,3.7,3,7.2,9,7,61
1148,4.1,3,40,1.7,5,5.1,3,6,26
1149,2.5,3,94,3.7,7,5.3,3,8,54
1150,5.1,0,57,3.9,4,4.4,2,10,69
1151,5.2,1,92,5.3,6,6.6,2,2,66
1152,2.0,0,91,3.7,6,7.9,3,3,23
1153,3.9,4,92,2.7,6,9.4,2,6,38
1154,0.5,4,64,0.1,2,5.1,4,4,40
1155,5.0,0,59,5.7,1,5.5,4,5,56
1156,6.3,6,85,1.5,8,6.4,6,10,93
1157,3.7,0,97,1.1,10,7.0,4,8,83
1158,3.6,3,46,4.5,7,7.7,3,7,59
1159,5.3,0,45,3.1,2,5.9,1,1,36
1160,5.2,4,96,2.7,4,6.2,7,5,74
1161,4.0,1,98,2.8,4,7.4,10,4,71
1162,3.4,6,100,0.5,10,6.5,6,8,43
1163,3.5,4,91,0.0,8,6.5,3,10,47
1164,5.5,0,74,2.5,6,3.7,10,3,53
1165,3.8,5,53,4.0,5,6.8,4,8,69
1166,6.0,4,63,3.8,3,5.6,6,10,63
1167,5.8,4,84,2.6,2,,10,4,83
1168,6.2,0,78,1.7,7,7.5,4,5,94
1169,3.5,7,80,4.4,2,6.3,2,6,80
1170,5.1,3,88,1.8,6,5.7,2,2,57
1171,5.8,3,73,1.8,9,5.3,10,10,73
1172,4.2,3,48,4.6,5,5.0,9,4,47
1173,4.3,0,80,1.6,4,6.8,4,8,76
1174,5.5,2,75,6.5,7,6.2,4,5,39
1175,4.6,2,90,2.6,4,6.9,7,5,74
1176,2.3,1,89,5.2,1,6.8,10,4,45
1177,5.5,0,56,1.5,3,9.7,6,4,68
1178,5.7,0,61,2.5,7,8.9,7,10,97
1179,5.3,4,53,4.7,4,4.6,1,5,15
1180,4.8,4,47,3.8,8,7.2,1,10,78
1181,2.9,7,65,2.7,7,7.7,5,5,38
1182,1.8,7,90,5.4,7,8.3,5,6,49
1183,1.0,6,60,4.9,6,6.0,2,7,63
1184,3.9,6,56,3.5,7,9.7,5,7,69
1185,4.6,6,95,3.0,6,4.9,9,2,54
1186,6.2,3,97,5.3,7,7.9,1,10,59
1187,3.6,6,53,1.8,9,8.1,3,3,33
1188,2.2,3,54,4.0,10,8.0,5,8,26
1189,3.0,1,68,1.2,10,7.3,9,8,64
1190,7.1,0,48,4.9,7,7.6,4,7,72
1191,3.4,0,49,4.2,9,5.4,2,5,26
1192,4.8,0,81,0.9,8,8.4,4,6,64
1193,4.2,7,83,1.8,6,7.6,10,9,60
1194,2.9,7,58,5.1,6,6.2,3,8,67
1195,2.9,4,88,3.1,4,6.0,8,7,79
1196,4.4,4,94,2.9,3,5.0,3,2,61
1197,4.5,4,48,4.2,2,5.3,10,7,49
1198,4.4,0,86,3.6,5,6.2,8,2,45
1199,5.8,5,98,4.4,8,5.5,4,4,76
1200,1.6,1,63,4.0,6,4.8,6,3,25
1201,6.7,7,46,8.9,2,6.3,2,8,67
1202,3.8,2,73,1.0,1,6.3,9,7,80
1203,4.6,3,65,4.7,3,3.0,3,7,51
1204,3.9,7,55,0.7,8,7.4,4,4,56
1205,2.7,7,49,4.8,7,5.8,8,7,53
1206,7.3,1,71,3.0,2,6.1,3,8,62
1207,2.9,6,79,1.1,3,5.5,9,4,40
1208,6.1,3,62,2.8,2,8.4,3,7,47
1209,6.0,4,61,3.5,1,5.8,8,4,62
1210,5.6,3,74,4.9,10,6.3,9,5,16
1211,6.0,7,64,0.8,3,5.2,6,5,80
1212,3.3,6,84,4.1,9,6.0,6,4,27
1213,3.8,6,69,3.6,7,6.5,3,1,31
1214,3.2,1,90,2.4,6,8.3,4,4,46
1215,3.7,6,79,1.3,9,8.9,9,7,79
1216,3.4,7,52,4.8,4,6.1,7,4,49
1217,5.7,1,79,2.8,7,6.3,3,3,66
1218,6.9,0,92,4.4,8,7.4,2,2,41
1219,4.1,7,61,2.8,8,8.4,9,7,61
1220,5.3,0,89,4.2,6,7.0,1,2,54
1221,5.1,6,69,,4,6.8,5,5,69
1222,6.2,2,77,3.2,8,7.3,2,3,76
1223,4.4,3,70,2.3,9,5.3,8,7,54
1224,6.0,3,72,2.2,1,6.0,3,10,85
1225,1.4,1,50,3.6,5,6.2,3,2,21
1226,5.4,7,60,3.2,3,7.0,3,9,63
1227,5.1,2,45,3.3,6,7.0,1,3,64
1228,4.6,4,46,3.2,9,5.8,3,7,14
1229,3.2,4,78,3.4,1,6.6,9,10,78
1230,1.9,6,93,3.7,10,5.2,10,5,55
1231,2.0,0,56,3.0,2,7.4,7,8,80
1232,4.4,5,66,1.5,6,4.4,3,9,59
1233,4.3,6,56,0.6,3,6.0,6,3,64
1234,3.5,5,78,0.2,6,5.8,1,6,50
1235,3.8,2,71,0.0,4,5.3,9,6,49
1236,5.2,3,55,,9,7.1,9,1,46
1237,4.5,5,79,2.4,6,7.9,8,8,63
1238,4.2,4,78,2.5,3,6.3,4,9,66
1239,5.4,5,58,2.0,1,6.3,10,7,78
1240,7.9,6,87,5.0,4,6.0,9,9,89
1241,5.0,7,65,4.3,2,7.6,8,4,76
1242,4.7,1,70,1.4,3,6.5,8,5,71
1243,4.5,4,67,2.5,10,,3,7,38
1244,4.6,7,69,0.7,5,5.4,4,2,39
1245,6.5,7,68,2.0,10,4.7,9,9,91
1246,0.5,5,56,4.7,5,5.7,8,9,27
1247,1.1,7,69,4.7,7,8.2,3,3,35
1248,3.1,6,73,2.6,1,5.7,1,1,21
1249,1.4,3,40,3.3,7,5.4,4,5,63
1250,4.1,0,79,4.9,2,6.3,9,10,61
1251,3.5,4,97,2.7,6,5.3,7,3,45
1252,5.2,4,48,3.0,7,4.4,9,10,69
1253,4.6,2,54,2.3,6,9.0,7,3,33
1254,2.3,2,72,1.5,2,8.4,10,10,97
1255,3.6,2,62,2.9,6,5.5,7,5,70
1256,2.7,4,68,3.6,7,4.9,2,8,36
1257,3.0,3,46,5.0,5,7.5,8,5,53
1258,3.1,6,96,4.1,6,6.1,8,6,65
1259,3.7,5,91,3.2,2,5.2,8,5,42
1260,0.5,4,66,2.5,9,5.5,6,9,28
1261,2.4,1,83,3.8,8,6.8,4,3,36
1262,3.1,2,85,,8,7.9,2,7,42
1263,2.1,2,57,3.8,6,6.4,5,8,60
1264,4.0,5,41,2.9,6,6.6,1,4,81
1265,2.4,5,81,0.6,7,8.2,2,4,42
1266,3.2,3,44,1.1,7,5.5,1,8,2
1267,3.2,4,70,1.2,10,6.7,1,9,46
1268,2.3,6,96,2.3,7,5.4,7,6,62
1269,3.1,3,70,2.4,3,5.4,6,10,63
1270,5.5,7,58,6.8,10,7.0,6,9,63
1271,4.1,7,40,1.4,5,5.4,10,6,71
1272,2.0,5,62,5.9,5,7.0,1,2,22
1273,4.5,7,65,4.0,8,8.6,5,4,63
1274,2.4,3,52,1.8,6,6.2,2,9,35
1275,4.0,2,73,,1,4.9,4,10,89
1276,6.7,3,64,1.0,2,7.0,7,10,87
1277,3.3,5,88,2.7,5,5.1,7,5,56
1278,3.7,4,67,0.0,4,5.9,6,7,64
1279,3.6,7,97,0.0,8,6.9,9,9,100
1280,3.4,4,100,4.9,2,4.4,8,2,64
1281,5.0,3,65,1.7,9,8.4,10,3,56
1282,5.2,7,62,3.9,7,8.2,8,7,76
1283,5.1,1,86,1.4,9,6.0,4,8,39
1284,4.2,1,84,3.7,10,8.3,3,8,52
1285,4.8,0,95,1.7,5,8.1,7,8,70
1286,1.5,4,97,2.9,2,6.0,3,4,61
1287,1.4,3,75,2.1,6,6.4,1,10,25
1288,2.4,0,63,2.3,4,7.7,5,8,38
1289,4.7,3,67,3.7,4,5.9,3,3,35
1290,2.6,6,99,1.8,1,6.2,7,3,86
1291,3.5,3,78,3.1,7,6.9,10,4,78
1292,3.4,5,87,3.1,9,8.6,5,3,44
1293,5.8,6,85,3.4,9,6.8,9,5,89
1294,2.6,3,48,3.6,6,6.9,6,8,48
1295,4.8,7,67,6.5,4,7.3,5,7,48
1296,4.9,2,41,,4,5.5,8,7,59
1297,5.8,4,79,2.6,8,5.7,4,5,43
1298,2.0,0,58,3.4,9,4.8,10,2,0
1299,5.2,4,60,2.9,10,6.0,5,9,86
1300,5.5,6,85,2.7,10,6.1,1,5,70
1301,5.6,3,56,4.5,8,5.1,3,6,69
1302,1.8,0,41,3.5,1,4.8,4,8,54
1303,4.2,3,88,2.2,6,6.5,3,1,32
1304,3.8,3,82,2.9,8,6.2,2,8,24
1305,6.3,3,97,5.3,7,7.8,4,5,41
1306,0.7,0,84,4.6,8,7.0,5,6,42
1307,5.1,0,79,3.8,1,7.2,4,10,75
1308,5.8,4,84,6.4,2,5.9,7,6,79
1309,5.9,6,55,0.3,3,7.2,5,8,98
1310,3.6,2,50,2.1,1,7.4,9,10,45
1311,3.5,0,51,4.3,9,4.6,5,8,32
1312,4.7,5,97,3.0,8,7.7,8,3,65
1313,6.1,4,97,2.4,7,7.3,10,3,61
1314,2.5,6,83,2.0,9,4.9,9,7,68
1315,6.3,2,100,2.3,2,6.6,6,8,100
1316,4.1,6,94,1.9,8,7.7,1,8,28
1317,2.3,2,69,2.4,9,6.5,10,2,50
1318,4.5,1,40,0.3,4,6.6,7,1,23
1319,6.6,4,63,1.7,9,5.2,1,5,52
1320,3.9,7,75,2.7,9,7.0,1,6,43
1321,1.9,5,49,1.9,2,4.8,1,2,35
1322,5.1,6,80,1.5,4,6.5,9,10,80
1323,5.1,2,85,3.6,3,5.9,9,8,73
1324,5.0,6,60,1.1,8,6.1,2,3,72
1325,4.2,1,71,0.1,4,5.3,6,5,45
1326,4.8,7,70,1.5,5,5.4,2,3,70
1327,2.2,3,64,2.6,10,6.2,8,5,20
1328,4.1,5,57,5.0,9,7.0,5,7,34
1329,2.6,4,51,6.0,4,7.0,2,8,41
1330,2.9,7,75,4.7,5,5.3,8,1,35
1331,3.4,3,94,5.0,8,7.5,1,6,58
1332,2.2,5,59,1.7,10,5.5,3,8,69
1333,4.7,0,82,1.2,9,7.3,7,1,62
1334,4.0,0,50,3.8,1,7.9,7,2,93
1335,3.7,1,88,1.3,7,6.5,1,7,25
1336,2.7,4,100,3.3,9,6.3,9,3,48
1337,3.7,5,90,3.2,8,7.0,7,5,30
1338,3.6,5,95,4.1,2,7.6,8,6,83
1339,4.8,3,85,1.9,9,5.9,3,6,58
1340,2.3,5,98,5.3,6,8.5,6,1,33
1341,1.7,0,91,2.6,1,8.0,5,9,75
1342,4.8,0,85,5.6,7,5.4,4,8,60
1343,3.9,5,53,2.1,5,7.2,5,3,68
1344,4.8,5,55,3.1,7,6.5,8,1,35
1345,5.1,4,87,4.6,6,6.3,1,10,70
1346,2.8,4,89,2.4,3,7.1,1,10,49
1347,6.7,0,78,5.7,9,5.8,7,6,67
1348,2.5,6,47,2.3,4,4.6,6,1,33
1349,5.2,4,66,1.2,7,8.0,1,7,52
1350,5.8,0,69,0.4,4,7.9,6,6,72
1351,3.1,0,86,4.8,2,8.5,8,5,71
1352,4.3,5,62,3.9,8,5.6,6,8,50
1353,2.1,4,55,6.0,6,7.5,7,6,18
1354,4.3,3,40,3.0,1,4.7,4,9,64
1355,6.1,0,80,1.8,9,6.3,1,1,60
1356,4.7,3,46,1.3,4,6.5,8,8,78
1357,7.5,0,90,,5,,2,9,63
1358,1.6,6,92,3.6,8,7.4,9,8,40
1359,4.4,7,95,2.9,10,9.3,8,10,89
1360,3.9,7,50,4.3,5,6.6,5,6,39
1361,2.0,6,65,3.7,5,5.7,8,9,41
1362,1.9,2,44,0.0,8,7.1,1,4,23
1363,6.5,0,54,3.9,5,5.1,7,9,68
1364,2.7,1,89,6.1,7,5.7,1,5,53
1365,2.4,0,78,1.5,10,6.9,6,8,34
1366,5.9,7,68,5.9,10,5.3,3,3,46
1367,3.6,3,47,3.1,5,5.1,10,5,52
1368,2.8,2,61,3.3,8,8.0,6,5,53
1369,1.7,0,47,4.3,7,5.5,3,4,47
1370,5.2,2,97,3.2,1,7.3,6,10,77
1371,4.7,4,96,4.0,1,8.5,1,4,100
1372,4.9,1,74,2.2,9,6.9,7,10,63
1373,2.9,4,88,,1,5.4,5,9,62
1374,5.7,7,74,1.2,3,5.2,9,2,71
1375,4.3,6,47,3.5,6,6.3,4,9,55
1376,4.0,5,67,,4,7.7,10,3,64
1377,5.8,7,100,1.7,2,5.5,9,3,92
1378,2.7,5,46,3.5,10,5.1,8,10,65
1379,2.6,3,97,3.3,5,8.4,8,2,57
1380,1.4,1,89,0.4,6,5.7,3,10,44
1381,4.2,5,54,5.0,8,7.8,2,4,41
1382,4.6,6,97,1.2,8,7.7,7,5,53
1383,3.8,0,62,5.1,2,4.9,8,3,46
1384,3.6,0,100,2.3,7,5.5,10,6,55
1385,4.4,0,45,1.2,10,5.7,2,9,60
1386,4.5,7,88,3.9,2,5.9,8,2,85
1387,4.7,3,91,6.9,2,5.7,3,3,47
1388,2.1,6,52,3.6,4,6.4,5,4,61
1389,4.5,7,78,2.8,6,7.2,6,1,43
1390,4.2,7,59,2.3,2,7.1,3,3,60
1391,2.0,4,64,1.7,10,8.0,10,6,62
1392,5.1,2,60,2.1,8,,9,3,45
1393,1.5,7,81,5.9,9,9.3,8,5,30
1394,1.5,7,47,3.1,10,5.3,5,5,38
1395,4.5,1,80,5.0,4,6.4,3,4,24
1396,4.0,7,99,3.0,8,10.0,8,5,50
1397,4.8,5,82,3.7,4,5.8,3,5,67
1398,2.8,6,40,2.0,10,7.9,2,7,26
1399,3.7,4,46,4.3,2,6.3,4,5,40
1400,2.0,4,70,1.3,3,7.9,10,9,88
1401,1.8,5,67,4.7,10,7.5,9,7,35
1402,2.0,4,65,1.9,2,6.3,4,4,63
1403,1.4,2,83,5.6,10,8.4,1,7,42
1404,6.1,1,72,,1,6.5,8,4,100
1405,3.5,6,72,4.1,4,5.0,10,9,45
1406,2.6,2,41,1.4,7,6.6,1,6,26
1407,3.9,7,97,4.2,5,6.9,10,10,55
1408,5.9,5,53,1.5,4,6.0,4,3,69
1409,3.1,2,62,5.5,3,6.5,4,1,37
1410,3.4,6,69,1.6,10,6.8,2,10,57
1411,5.4,7,73,3.9,5,6.8,1,7,88
1412,5.4,7,68,2.3,6,5.5,2,8,34
1413,2.3,6,67,4.2,6,6.5,7,4,76
1414,5.2,6,69,3.9,1,6.8,8,9,97
1415,3.0,5,56,1.8,8,5.9,3,8,34
1416,3.0,7,62,2.5,1,6.1,7,2,63
1417,2.8,0,92,,1,6.8,6,9,95
1418,2.5,2,98,0.9,5,6.8,6,1,61
1419,4.1,5,60,2.5,4,8.4,3,5,84
1420,5.5,5,72,4.8,9,7.4,4,9,52
1421,2.9,5,46,1.9,4,6.6,7,5,67
1422,3.9,5,59,1.5,4,,7,6,61
1423,3.3,7,88,0.0,7,3.8,6,5,73
1424,5.1,7,58,1.1,1,7.2,1,5,84
1425,4.4,5,97,4.3,4,9.2,5,3,54
1426,1.4,0,43,1.1,7,6.2,8,1,34
1427,3.4,1,89,4.0,4,6.9,8,4,60
1428,5.2,7,44,3.5,7,7.4,6,3,42
1429,2.9,4,75,0.5,6,6.3,9,8,38
1430,3.3,1,62,4.1,6,7.9,3,9,64
1431,4.9,5,73,4.6,1,4.8,2,1,58
1432,3.9,2,94,1.5,1,6.9,6,5,84
1433,4.2,5,54,4.2,4,9.7,10,5,63
1434,3.6,4,88,6.1,7,7.1,5,8,45
1435,3.7,5,66,0.1,2,7.2,6,9,75
1436,3.1,7,89,1.5,9,4.2,9,1,46
1437,3.7,0,88,,6,7.3,6,1,47
1438,2.9,1,98,2.7,5,6.8,4,9,36
1439,0.6,2,43,3.8,8,6.9,8,7,33
1440,3.4,5,75,2.9,7,7.7,1,4,49
1441,1.8,5,45,2.0,8,7.3,3,1,14
1442,2.9,5,47,4.1,4,6.6,4,10,64
1443,1.8,2,62,2.3,10,,4,1,13
1444,5.8,2,42,0.0,4,6.2,5,7,56
1445,4.9,3,88,2.1,4,4.2,1,2,42
1446,6.7,7,94,1.4,4,6.9,6,9,63
1447,1.2,7,82,1.6,3,7.4,5,9,62
1448,2.1,0,57,2.9,8,6.3,6,6,36
1449,3.9,3,54,4.3,8,5.5,1,2,39
1450,0.5,6,61,4.2,7,7.6,6,3,40
1451,4.1,4,73,3.2,7,,4,4,33
1452,1.6,3,60,6.3,3,7.6,5,9,62
1453,2.8,4,84,4.4,1,4.8,4,1,15
1454,6.2,4,76,4.0,3,,10,9,66
1455,2.7,3,86,3.6,7,5.7,8,5,42
1456,4.3,7,60,3.0,9,4.3,7,10,70
1457,2.6,2,90,1.6,7,5.2,6,2,36
1458,1.3,4,69,3.9,2,5.3,10,4,77
1459,4.3,2,86,3.3,7,5.4,10,1,61
1460,4.0,1,64,1.9,3,8.8,1,6,71
1461,3.7,4,78,2.2,5,7.5,1,3,34
1462,4.1,0,100,4.3,7,5.0,3,1,19
1463,2.3,1,55,1.6,8,5.0,3,3,45
1464,2.1,5,53,2.7,4,5.4,8,10,36
1465,5.1,6,41,0.9,1,8.4,10,7,73
1466,3.4,3,50,3.3,9,8.2,6,6,33
1467,3.4,0,61,,1,7.7,3,1,55
1468,5.0,1,67,1.5,10,3.8,5,10,54
1469,5.6,7,58,0.0,1,4.8,4,3,69
1470,2.9,1,76,3.5,9,5.4,9,8,47
1471,5.4,3,90,3.4,9,6.5,1,2,33
1472,5.0,4,95,7.0,10,5.4,4,5,39
1473,6.5,3,51,2.1,8,6.7,4,8,60
1474,3.3,2,93,3.8,7,7.2,4,3,9
1475,5.5,1,92,1.4,10,8.9,6,1,62
1476,3.3,4,84,3.3,4,7.4,7,4,47
1477,4.0,5,42,2.8,8,5.4,8,8,46
1478,4.4,6,46,2.2,2,6.9,6,8,68
1479,5.3,3,49,0.9,4,6.7,5,8,69
1480,3.2,4,76,1.4,10,4.7,3,4,29
1481,6.1,4,45,3.4,9,8.1,6,9,62
1482,1.8,1,59,2.5,9,6.6,10,4,33
1483,3.3,0,68,1.4,7,6.9,10,10,75
1484,2.6,4,74,3.7,7,7.7,2,7,45
1485,4.2,2,63,3.9,7,5.1,1,1,31
1486,7.7,7,52,3.0,5,8.1,10,8,69
1487,1.7,4,64,3.2,9,9.1,3,4,30
1488,3.0,0,41,2.9,7,,5,1,21
1489,4.0,1,92,5.0,3,6.4,6,2,47
1490,5.6,7,90,2.7,9,7.2,9,9,64
1491,2.0,2,74,3.3,3,7.9,7,2,51
1492,8.4,6,41,1.2,9,5.2,4,1,54
1493,5.4,1,44,1.0,8,6.1,10,7,54
1494,3.2,3,99,3.1,1,4.8,9,10,66
1495,4.2,4,98,3.4,6,5.9,4,1,32
1496,3.7,4,88,3.6,6,7.3,7,10,71
1497,4.6,1,57,4.8,5,6.5,8,5,50
1498,3.3,1,72,0.9,2,8.5,2,1,63
1499,4.2,2,64,1.9,9,6.7,6,9,51
1500,4.6,3,66,0.1,3,6.6,9,10,57
1501,5.4,1,96,4.9,3,5.5,1,10,66
1502,5.1,6,67,3.5,4,7.2,1,10,91
1503,3.5,7,63,0.9,8,8.0,10,10,100
1504,3.7,7,77,3.9,7,5.2,1,6,22
1505,3.9,7,87,1.3,5,8.5,5,7,88
1506,3.2,5,59,2.3,8,7.7,8,1,34
1507,5.5,1,79,4.6,8,8.0,3,10,56
1508,2.6,4,45,3.8,3,8.3,8,4,36
1509,5.5,1,45,2.3,9,6.9,6,3,74
1510,4.7,1,84,0.7,9,6.6,10,10,93
1511,0.5,4,93,2.3,6,5.2,9,7,57
1512,3.6,2,95,5.8,1,8.9,9,2,48
1513,4.5,3,55,5.9,5,6.7,9,3,56
1514,3.7,1,90,2.1,6,7.3,4,10,75
1515,4.3,0,52,1.2,4,6.5,2,8,46
1516,7.6,0,65,3.5,9,5.2,2,2,39
1517,2.7,1,46,2.1,5,5.6,3,4,53
1518,4.7,0,41,3.8,7,7.6,3,3,48
1519,1.7,4,51,1.5,10,6.1,10,8,48
1520,5.7,5,58,3.0,3,7.1,9,5,76
1521,2.9,5,56,4.7,7,6.6,1,6,36
1522,5.8,0,67,1.3,4,8.6,5,9,100
1523,2.8,1,67,1.9,2,6.5,9,1,33
1524,4.2,0,81,6.7,9,8.6,2,5,53
1525,3.0,0,60,0.9,7,3.0,9,6,35
1526,6.1,6,56,4.7,1,6.5,9,7,98
1527,4.6,5,61,,2,6.6,10,5,79
1528,5.0,6,43,0.3,10,7.6,4,5,42
1529,2.6,2,73,3.9,6,8.2,10,8,62
1530,4.6,4,82,3.2,7,7.1,6,7,47
1531,3.8,1,42,2.8,1,5.5,8,3,75
1532,2.5,4,64,3.1,2,6.4,4,6,49
1533,3.5,7,52,1.7,4,6.6,8,7,90
1534,2.5,2,48,3.4,6,6.8,5,3,41
1535,4.6,2,81,1.6,1,6.2,5,8,77
1536,4.4,2,73,3.2,5,5.7,4,10,63
1537,2.8,7,90,1.0,6,6.1,6,10,58
1538,4.9,1,88,3.8,10,8.1,10,8,64
1539,5.1,6,96,6.0,6,8.4,2,9,57
1540,4.3,6,40,5.4,4,5.3,2,9,84
1541,6.8,0,89,2.6,9,6.7,8,1,63
1542,4.7,2,55,3.9,10,,4,9,37
1543,4.6,3,56,5.0,4,7.5,4,6,57
1544,1.2,4,87,5.2,7,4.8,4,10,57
1545,8.8,2,80,0.5,5,5.9,4,5,63
1546,4.4,5,92,3.0,9,6.2,7,1,40
1547,2.1,0,82,5.1,4,6.7,9,7,51
1548,2.3,1,50,2.8,2,5.3,4,8,51
1549,5.4,7,73,1.3,2,5.5,9,3,81
1550,6.6,2,60,5.2,7,,9,8,75
1551,3.1,2,86,4.5,9,7.5,8,2,47
1552,6.1,7,66,2.3,1,4.4,8,10,100
1553,6.0,4,80,3.2,6,5.9,7,7,39
1554,2.4,3,92,2.6,4,6.7,4,5,50
1555,7.5,2,71,3.5,10,6.5,6,6,52
1556,3.9,3,52,1.2,8,5.8,1,7,27
1557,3.0,6,41,0.9,8,8.2,7,8,47
1558,3.9,4,81,0.2,1,,5,10,74
1559,3.3,1,40,4.1,7,5.8,8,2,38
1560,4.3,0,86,2.0,10,7.9,8,8,92
1561,3.7,4,93,3.3,8,6.5,4,4,62
1562,7.4,2,94,5.0,1,6.5,7,8,71
1563,4.6,4,92,0.0,7,5.5,9,7,49
1564,6.0,6,80,1.7,5,8.5,5,8,88
1565,5.0,5,90,4.7,8,5.8,7,9,40
1566,3.7,3,91,0.5,3,7.2,9,2,49
1567,4.0,0,96,3.3,10,7.1,4,6,61
1568,5.0,3,53,1.0,2,6.6,4,10,50
1569,1.7,2,52,2.9,6,8.8,2,1,25
1570,3.9,7,98,6.0,3,4.9,7,1,58
1571,4.0,5,97,0.0,6,6.8,3,10,93
1572,2.8,4,55,4.6,4,5.4,9,7,64
1573,4.0,6,94,2.9,7,6.3,3,7,61
1574,4.3,4,63,3.5,5,6.9,1,8,74
1575,2.2,7,61,6.4,3,7.1,6,7,41
1576,3.6,1,94,,5,7.9,5,5,50
1577,1.0,5,66,2.6,4,6.0,7,3,54
1578,2.6,2,45,5.2,2,3.9,1,2,33
1579,3.2,4,74,6.0,1,5.7,6,3,50
1580,4.5,5,87,4.0,3,,3,2,40
1581,2.5,6,83,4.0,4,8.0,10,3,38
1582,2.1,4,57,2.2,5,7.7,3,8,39
1583,2.2,2,83,2.1,2,6.6,7,6,66
1584,6.7,5,94,2.7,3,9.2,2,4,49
1585,2.3,2,54,1.0,9,5.9,9,10,75
1586,4.8,5,84,1.6,10,8.2,10,1,46
1587,2.6,6,78,6.5,6,4.9,6,6,31
1588,1.2,0,96,4.0,3,6.0,8,6,60
1589,3.7,7,96,4.4,1,5.5,4,3,78
1590,4.2,7,65,4.1,3,8.1,2,4,51
1591,5.7,0,54,1.4,7,5.4,4,9,75
1592,3.1,4,56,1.8,7,6.3,2,9,35
1593,2.6,2,61,2.9,10,6.6,6,8,49
1594,3.2,3,88,3.3,2,8.1,6,7,54
1595,1.5,7,75,3.9,9,8.1,8,10,68
1596,4.2,7,66,1.2,6,5.0,3,8,77
1597,2.7,2,56,6.6,10,5.5,3,1,41
1598,3.9,5,84,1.0,8,7.1,4,7,45
1599,5.7,3,40,1.6,7,5.1,2,4,44
1600,4.6,2,51,4.4,3,6.4,7,4,38
1601,4.6,0,76,4.1,8,6.7,8,8,53
1602,4.3,4,51,1.2,10,,1,1,22
1603,4.9,2,44,3.2,6,8.6,10,5,34
1604,4.8,3,82,5.2,10,6.4,3,5,62
1605,3.9,5,41,0.1,2,8.0,2,5,68
1606,3.9,2,62,3.5,5,7.9,5,10,29
1607,2.7,5,97,3.2,5,6.6,2,1,25
1608,2.6,2,83,1.2,7,8.1,2,1,38
1609,3.4,2,63,2.7,10,5.8,10,6,59
1610,5.1,4,76,2.1,1,6.5,10,7,81
1611,4.9,6,95,3.7,2,7.0,9,3,69
1612,1.1,2,80,2.4,10,5.8,5,1,22
1613,1.8,6,92,3.3,10,5.3,3,2,38
1614,4.2,0,69,4.8,10,6.2,10,9,31
1615,6.2,5,63,1.8,2,7.6,8,10,100
1616,3.4,0,91,2.7,10,6.7,4,5,56
1617,4.6,4,55,0.8,4,5.9,8,3,87
1618,4.7,5,85,0.6,7,7.2,3,9,76
1619,4.0,3,46,1.7,5,4.2,10,2,50
1620,2.6,4,99,4.5,7,6.3,10,3,30
1621,4.1,4,47,3.5,1,6.3,1,8,63
1622,2.5,1,55,2.7,8,,7,5,55
1623,7.1,1,74,4.4,2,8.7,1,1,63
1624,5.8,5,53,5.5,1,7.6,6,6,75
1625,7.6,4,75,6.4,7,7.8,1,8,40
1626,4.2,3,79,4.9,5,5.2,4,10,62
1627,3.3,5,93,2.7,10,7.7,7,10,82
1628,4.1,0,61,1.2,7,6.4,7,10,67
1629,4.7,6,62,3.9,4,5.1,8,3,28
1630,4.5,1,53,2.8,2,6.9,5,8,59
1631,1.6,2,66,2.1,8,7.9,7,6,55
1632,5.0,7,60,2.5,8,7.9,2,6,52
1633,4.8,6,91,,7,7.1,5,6,91
1634,6.1,4,100,0.0,10,8.6,3,7,67
1635,2.2,7,71,2.4,6,6.9,1,6,15
1636,1.4,4,55,4.7,5,4.9,6,9,66
1637,3.6,4,70,4.1,3,6.1,4,4,51
1638,0.5,2,92,1.4,2,5.9,1,3,52
1639,2.1,5,88,3.9,1,7.4,1,2,69
1640,4.2,1,73,6.0,6,6.5,9,6,43
1641,6.1,1,70,1.5,1,4.5,4,7,61
1642,4.7,6,61,1.6,5,5.4,7,2,56
1643,5.9,6,89,3.4,3,6.1,3,3,44
1644,3.0,5,72,1.5,10,4.3,9,8,42
1645,3.4,6,92,1.3,7,7.3,9,3,47
1646,6.5,7,61,4.6,2,6.2,5,2,49
1647,3.0,1,69,3.6,10,4.6,6,4,48
1648,3.3,0,94,0.7,9,6.1,3,10,66
1649,4.0,3,75,3.9,8,5.9,9,7,52
1650,5.0,6,47,2.8,8,6.7,9,1,36
1651,3.2,7,92,2.6,6,6.6,9,3,63
1652,5.1,3,95,4.7,9,5.7,1,4,26
1653,4.5,4,94,4.1,5,6.4,4,7,69
1654,3.2,5,95,3.4,5,7.2,8,9,100
1655,5.3,4,99,1.3,5,6.9,7,3,84
1656,4.4,0,71,1.2,10,4.9,6,9,70
1657,4.1,2,74,2.4,3,6.0,8,2,23
1658,3.5,6,55,2.1,4,7.7,2,7,59
1659,2.7,5,57,3.7,3,7.5,2,1,49
1660,5.6,1,55,4.7,6,6.2,2,6,55
1661,2.7,1,57,4.5,4,5.2,2,1,32
1662,3.7,1,78,3.0,4,,8,2,67
1663,1.8,2,66,4.4,5,8.5,2,5,36
1664,3.2,3,75,3.8,5,5.6,10,3,54
1665,3.6,3,64,4.3,10,5.0,6,9,47
1666,1.8,3,49,2.7,6,7.7,8,10,55
1667,3.5,5,40,0.6,10,6.6,4,9,53
1668,4.6,5,73,2.9,2,4.1,7,6,74
1669,5.6,0,60,0.8,8,7.9,4,2,51
1670,1.7,0,72,2.9,4,7.1,5,8,41
1671,4.1,6,43,2.6,7,4.8,10,5,37
1672,4.4,4,67,5.1,2,8.2,1,2,40
1673,2.7,1,74,2.7,2,6.9,3,6,46
1674,3.6,4,83,4.3,7,6.0,2,5,46
1675,5.1,4,68,3.9,4,6.4,9,4,94
1676,2.1,4,87,2.5,2,7.1,2,4,38
1677,3.5,1,95,4.6,10,5.8,9,4,48
1678,7.6,3,97,4.8,10,5.8,4,7,50
1679,1.8,5,79,3.1,6,6.4,10,6,51
1680,5.6,7,73,1.9,5,6.5,10,5,65
1681,3.9,5,64,3.4,7,5.5,4,8,49
1682,1.0,4,79,5.1,3,6.4,10,4,47
1683,3.6,5,86,1.5,7,9.4,9,5,48
1684,3.9,7,87,4.1,8,5.5,2,7,53
1685,3.9,0,75,3.5,5,6.2,3,8,60
1686,1.9,5,41,3.0,1,7.0,6,1,49
1687,2.7,6,45,1.7,8,7.6,8,5,58
1688,7.1,5,71,1.7,10,5.5,10,9,85
1689,2.5,2,59,0.0,7,5.5,4,7,31
1690,4.2,1,91,2.3,2,7.7,5,9,73
1691,3.3,3,88,3.0,5,5.8,8,9,47
1692,4.6,6,91,4.1,2,6.8,4,4,65
1693,5.7,3,98,0.0,2,7.8,1,9,54
1694,4.2,6,85,3.1,2,6.5,3,6,77
1695,1.4,2,44,5.9,7,5.4,7,6,22
1696,3.5,4,46,1.8,10,7.7,1,9,41
1697,6.4,1,68,2.4,7,7.0,4,6,77
1698,5.5,3,57,1.3,3,6.3,2,10,96
1699,4.2,1,65,3.5,1,7.1,2,3,46
1700,4.4,5,67,3.0,7,5.4,4,5,44
1701,6.7,2,62,3.1,2,5.4,6,1,57
1702,3.8,4,55,1.3,3,7.3,7,6,40
1703,1.8,5,47,2.9,8,5.8,2,8,31
1704,5.7,0,85,1.5,7,5.6,1,5,34
1705,6.0,2,96,5.1,10,6.9,3,4,42
1706,4.7,1,99,2.6,4,6.9,7,2,77
1707,4.8,4,57,3.0,9,4.7,10,5,56
1708,5.9,7,70,0.2,10,7.4,2,5,66
1709,5.3,4,56,2.7,3,6.0,2,9,64
1710,3.1,4,84,1.0,6,5.8,7,9,69
1711,1.5,2,89,3.6,2,7.4,5,2,43
1712,2.9,2,49,0.0,2,7.3,8,8,57
1713,6.5,3,73,2.2,5,6.3,7,4,64
1714,5.4,6,95,2.4,5,7.9,7,3,64
1715,6.2,7,41,2.9,10,6.9,1,5,57
1716,5.4,1,86,5.1,1,6.3,6,2,63
1717,6.0,7,48,2.6,4,6.3,7,4,69
1718,4.0,4,48,2.2,6,7.7,9,4,36
1719,1.8,4,54,2.0,2,5.7,4,10,71
1720,3.5,7,69,0.6,10,8.2,6,8,99
1721,4.9,6,48,4.5,7,6.7,5,8,69
1722,5.3,4,59,0.4,9,7.0,4,9,58
1723,6.4,2,75,1.9,6,7.1,6,4,51
1724,5.0,1,60,1.4,3,6.5,1,4,62
1725,6.4,2,95,2.1,5,6.0,9,5,79
1726,1.1,7,45,1.3,7,6.9,8,10,77
1727,6.0,6,42,4.0,1,6.0,1,6,77
1728,5.3,4,71,3.8,4,6.1,9,5,58
1729,3.4,4,53,4.2,10,6.4,7,1,28
1730,3.4,7,75,2.0,6,4.5,10,9,80
1731,2.1,7,44,3.1,1,6.1,10,3,57
1732,4.5,7,79,,8,8.1,1,2,40
1733,6.4,1,72,3.6,5,4.6,4,2,62
1734,3.8,6,49,3.4,9,6.3,3,8,39
1735,3.7,3,50,1.7,1,7.6,7,2,56
1736,5.7,3,78,2.5,1,5.5,7,8,85
1737,5.4,3,77,2.2,7,6.5,8,2,39
1738,5.1,1,55,2.8,8,8.7,9,8,58
1739,6.1,2,61,3.1,5,4.9,2,2,37
1740,2.6,2,45,2.7,4,5.6,2,4,20
1741,7.1,0,70,2.8,9,6.7,6,6,53
1742,4.4,5,53,0.8,5,7.2,9,1,53
1743,3.3,4,68,3.9,3,8.0,1,10,63
1744,4.0,2,81,,10,6.4,3,4,68
1745,5.3,1,52,2.6,10,7.5,5,6,49
1746,3.1,3,98,5.1,9,8.0,6,7,33
1747,4.7,0,58,3.8,7,7.3,1,3,39
1748,3.7,2,43,3.6,5,9.1,2,7,23
1749,3.8,0,80,2.1,3,8.4,9,1,49
1750,2.9,1,41,1.5,6,8.9,7,8,59
1751,2.7,5,64,0.1,10,9.0,5,4,24
1752,4.9,5,91,0.0,8,5.1,2,9,47
1753,4.5,2,67,3.7,4,6.5,5,3,33
1754,3.4,0,59,0.0,10,7.6,10,3,51
1755,4.3,2,79,2.4,2,8.4,1,4,76
1756,3.9,6,54,2.0,9,7.9,3,4,47
1757,3.8,7,68,1.2,6,4.5,4,4,61
1758,4.0,5,75,2.4,8,6.7,8,3,45
1759,4.6,0,68,0.2,8,5.8,4,5,57
1760,3.4,5,48,2.7,5,6.8,4,9,54
1761,3.6,3,99,2.7,6,7.9,6,8,62
1762,2.3,4,86,2.2,10,5.5,3,3,41
1763,5.8,3,54,4.1,2,,10,5,57
1764,6.5,6,45,4.8,7,5.3,6,7,56
1765,3.1,7,78,1.7,3,7.2,9,7,87
1766,3.9,6,78,2.0,2,5.3,3,7,50
1767,2.6,1,66,2.8,10,6.7,2,4,33
1768,1.2,7,79,4.8,5,8.4,7,4,24
1769,6.1,1,86,1.8,1,7.7,4,4,97
1770,5.5,7,91,1.6,9,4.6,8,6,72
1771,2.5,0,78,3.5,6,6.0,1,9,73
1772,3.5,7,69,0.7,4,6.6,1,5,55
1773,6.7,2,62,1.9,8,6.9,9,9,87
1774,4.4,2,85,0.5,5,8.4,3,7,88
1775,1.5,4,71,3.2,10,7.6,3,7,47
1776,4.9,1,80,4.7,5,5.8,9,1,56
1777,2.4,7,83,1.2,9,5.5,3,8,75
1778,7.1,3,40,3.9,3,5.6,2,6,37
1779,5.8,6,43,2.5,9,5.4,3,6,50
1780,3.4,6,85,4.4,8,4.6,3,8,38
1781,4.8,6,66,4.1,8,8.0,10,10,73
1782,4.8,0,57,6.1,4,5.8,8,9,70
1783,4.8,1,69,2.5,3,6.7,10,4,56
1784,4.7,7,71,2.0,8,5.7,10,4,49
1785,4.2,0,68,4.7,5,4.5,6,3,54
1786,5.8,1,75,2.9,2,5.5,3,2,56
1787,4.2,7,80,0.4,9,6.7,2,8,34
1788,4.0,4,44,6.2,2,5.0,8,3,55
1789,2.9,1,45,2.9,2,5.1,4,8,61
1790,5.0,7,60,3.5,9,5.1,6,1,66
1791,3.2,3,54,0.0,6,6.4,1,3,10
1792,4.3,7,56,2.8,5,6.0,1,4,33
1793,4.4,0,81,2.3,10,7.1,8,5,73
1794,1.4,2,96,2.9,9,4.9,10,10,46
1795,3.6,0,57,4.5,1,6.8,2,4,58
1796,3.5,2,84,1.7,1,3.9,10,6,47
1797,3.3,7,53,3.4,8,7.6,6,7,28
1798,5.1,0,92,4.9,10,5.8,2,4,59
1799,6.2,5,56,2.4,9,6.0,3,3,45
1800,5.9,1,70,2.9,6,6.3,10,6,48
1801,3.9,4,45,2.7,6,6.7,8,7,44
1802,5.2,5,89,1.8,10,5.9,4,4,62
1803,2.8,0,42,1.0,10,6.3,8,8,58
1804,3.4,6,65,3.4,9,8.4,3,2,32
1805,8.2,7,82,1.6,2,4.6,1,7,73
1806,5.0,2,84,2.7,5,6.9,3,8,75
1807,2.3,5,98,2.3,9,7.2,1,10,46
1808,3.7,7,79,2.3,7,7.5,5,4,45
1809,3.7,7,55,4.0,9,6.6,7,10,63
1810,1.4,2,65,5.7,1,8.2,6,1,51
1811,3.0,7,78,2.5,1,,4,4,64
1812,3.0,0,66,0.1,4,6.1,4,3,77
1813,3.5,5,73,0.3,5,6.8,1,2,30
1814,4.2,0,60,2.9,9,6.4,5,6,43
1815,3.9,3,76,4.0,7,6.0,3,9,59
1816,6.9,6,83,2.8,2,6.2,2,5,94
1817,3.2,3,93,1.9,3,5.5,8,7,55
1818,5.8,0,64,0.9,3,5.7,7,3,32
1819,3.0,7,52,3.0,3,7.9,10,1,84
1820,4.2,5,65,3.0,8,5.9,2,5,55
1821,4.4,5,46,5.6,8,3.8,8,8,41
1822,5.6,1,77,1.9,7,6.4,6,8,64
1823,5.0,4,88,5.6,8,7.9,1,1,26
1824,5.5,3,63,2.1,10,7.4,5,9,47
1825,5.1,2,40,2.2,2,6.5,9,9,75
1826,1.5,6,70,1.6,5,7.4,3,4,58
1827,5.0,0,65,4.8,9,7.2,4,9,54
1828,7.0,1,40,3.6,8,5.6,9,3,69
1829,5.0,4,61,0.0,8,7.1,7,3,39
1830,4.4,7,89,1.0,1,6.7,2,2,79
1831,2.8,0,87,2.5,7,6.4,8,10,81
1832,4.1,3,53,3.1,3,6.2,9,8,56
1833,1.6,6,41,1.8,9,6.1,1,2,7
1834,4.0,7,79,4.0,2,5.5,6,8,74
1835,4.6,6,94,4.3,4,7.4,8,4,54
1836,4.4,6,90,0.5,9,10.0,8,2,65
1837,4.4,5,48,2.5,7,8.3,7,9,48
1838,5.6,4,63,3.1,7,5.1,3,7,51
1839,2.9,1,78,3.5,4,7.8,9,1,45
1840,3.3,6,66,3.5,1,7.1,9,6,60
1841,5.6,7,45,2.4,5,6.7,4,1,75
1842,3.9,4,41,0.8,10,7.3,6,4,34
1843,5.9,4,41,3.6,2,5.5,9,1,36
1844,6.0,5,42,2.7,4,6.3,2,4,29
1845,3.2,2,90,0.1,3,9.3,1,10,58
1846,4.9,6,49,2.7,4,6.4,8,1,68
1847,7.0,2,60,3.6,10,5.9,6,7,34
1848,2.7,0,51,2.3,1,7.5,10,4,44
1849,2.4,4,69,2.9,8,,10,1,49
1850,5.1,2,77,1.0,7,5.6,10,7,75
1851,2.8,0,50,4.5,9,8.5,7,5,73
1852,5.9,0,49,2.4,7,5.5,8,5,48
1853,4.7,6,88,0.6,4,5.1,1,7,72
1854,3.7,1,42,1.0,9,8.5,9,7,57
1855,2.8,7,65,3.6,6,6.4,1,8,57
1856,2.7,5,71,0.8,8,9.0,1,8,48
1857,3.0,1,87,1.7,10,7.7,9,4,31
1858,6.8,5,83,3.0,5,5.5,3,1,58
1859,4.4,4,98,3.3,4,6.8,8,4,71
1860,2.4,7,51,1.7,7,6.5,5,1,38
1861,3.4,6,60,3.5,1,7.4,7,8,72
1862,6.0,7,60,4.1,6,6.3,2,7,51
1863,2.8,7,74,2.5,3,7.2,9,9,91
1864,4.9,3,84,2.5,6,5.6,7,10,61
1865,4.0,5,80,3.7,9,9.3,3,4,32
1866,4.2,4,47,3.2,9,7.6,5,10,33
1867,1.6,7,63,4.9,5,7.9,7,4,44
1868,6.1,7,53,,2,5.5,1,1,48
1869,4.1,4,60,1.6,6,6.5,7,7,67
1870,1.0,0,57,4.0,8,6.7,8,1,38
1871,5.7,0,49,5.5,3,6.1,9,5,39
1872,5.2,7,81,0.5,6,7.3,5,1,44
1873,2.0,2,56,1.8,4,5.8,4,8,9
1874,4.4,2,89,4.8,9,6.0,10,6,79
1875,2.9,1,53,7.1,9,4.8,7,4,47
1876,2.4,4,49,6.4,2,8.5,6,4,61
1877,4.3,4,66,5.7,8,7.7,5,1,35
1878,2.8,7,63,2.1,2,6.3,4,3,69
1879,4.3,5,64,5.4,9,5.5,2,6,49
1880,3.7,1,94,6.2,10,8.0,2,1,19
1881,3.1,0,56,0.8,9,6.1,1,4,42
1882,4.1,3,63,0.4,3,4.4,6,5,78
1883,3.0,5,45,3.8,4,7.3,9,2,26
1884,4.9,7,63,2.1,1,6.8,8,8,83
1885,4.2,0,94,1.7,4,7.0,10,5,64
1886,4.0,6,57,2.2,2,5.8,1,1,57
1887,2.9,3,83,3.2,10,9.0,10,2,53
1888,5.0,3,59,0.0,10,6.2,4,6,45
1889,4.3,3,99,0.6,10,4.1,4,3,53
1890,4.1,4,70,3.3,10,5.4,8,8,25
1891,3.5,3,58,3.8,9,5.3,8,3,52
1892,4.1,0,50,,7,7.6,1,9,62
1893,4.5,4,87,2.1,9,6.6,10,7,49
1894,4.8,3,56,4.8,5,7.2,1,10,24
1895,4.3,2,59,1.0,6,5.8,1,9,62
1896,1.3,7,71,0.0,8,7.1,6,8,43
1897,5.1,7,71,5.1,2,5.6,10,7,63
1898,3.9,4,91,1.6,5,6.9,7,7,83
1899,2.8,1,46,2.6,4,5.8,8,4,44
1900,4.1,3,64,1.8,9,8.4,4,3,56
1901,2.6,1,55,2.0,3,6.0,8,7,80
1902,3.8,4,90,6.4,5,7.8,6,2,26
1903,5.4,7,95,1.9,7,6.2,7,3,61
1904,0.5,7,78,3.6,3,6.5,4,10,63
1905,4.8,7,95,0.6,7,6.0,1,6,42
1906,3.4,4,53,2.9,4,7.7,8,8,88
1907,5.5,6,72,7.0,2,8.4,9,10,98
1908,4.3,2,58,3.5,8,7.0,6,6,36
1909,5.7,3,40,1.2,1,7.3,8,10,100
1910,4.7,3,70,3.9,2,7.2,9,3,52
1911,5.0,6,95,5.6,1,7.0,4,3,59
1912,4.8,6,45,3.8,1,6.5,7,7,65
1913,6.9,5,75,1.8,2,7.5,10,4,91
1914,3.8,7,53,4.4,8,5.7,7,7,64
1915,1.9,0,74,5.6,9,9.2,5,4,32
1916,4.6,4,50,2.2,8,8.6,5,10,54
1917,4.2,5,64,3.5,9,7.1,2,7,44
1918,3.9,2,41,2.8,9,5.6,10,6,50
1919,1.6,1,42,2.1,7,6.1,9,4,23
1920,6.0,5,74,2.7,3,7.6,7,5,66
1921,4.6,4,40,1.7,5,9.5,10,6,54
1922,5.5,4,85,7.0,1,7.8,8,4,65
1923,3.7,1,64,2.1,5,4.5,8,1,43
1924,4.7,7,82,0.0,2,7.2,2,4,56
1925,5.1,4,88,3.2,3,5.2,8,2,78
1926,2.1,2,74,2.9,8,6.6,4,9,45
1927,4.4,2,83,2.7,2,3.9,5,9,59
1928,3.4,5,87,2.0,2,5.9,2,3,47
1929,3.9,4,60,2.2,9,5.9,3,10,53
1930,3.8,1,83,2.2,6,6.0,1,9,73
1931,3.6,3,58,6.5,2,7.5,9,3,21
1932,2.8,1,69,2.1,10,6.8,6,6,37
1933,4.9,6,82,4.3,10,7.0,6,9,62
1934,6.0,5,41,0.0,9,5.5,10,9,65
1935,5.2,1,81,1.5,7,5.5,5,6,46
1936,5.0,6,83,3.7,9,5.0,6,6,72
1937,2.6,3,96,1.8,5,5.8,2,4,55
1938,6.7,2,74,3.9,5,7.8,4,1,44
1939,4.2,0,49,2.1,3,7.7,8,9,60
1940,3.8,1,43,5.5,3,5.5,10,1,51
1941,3.0,6,74,2.8,2,5.6,1,6,39
1942,2.5,3,87,1.6,4,7.3,3,4,30
1943,4.5,5,73,2.9,3,5.5,2,7,49
1944,4.7,1,80,2.9,1,5.9,6,6,72
1945,5.1,5,94,1.1,6,6.5,5,1,57
1946,5.4,6,99,3.5,3,5.0,5,1,72
1947,2.6,3,74,3.3,2,6.6,9,5,79
1948,2.8,4,41,1.6,2,7.8,9,5,80
1949,4.9,4,72,2.6,7,4.5,3,8,50
1950,6.4,3,49,0.1,6,6.7,7,5,57
1951,4.3,7,79,2.7,7,10.0,10,2,83
1952,5.6,4,59,3.6,7,5.4,1,9,51
1953,3.5,5,49,4.6,2,5.7,3,2,35
1954,3.4,7,46,3.3,10,,8,7,56
1955,3.1,1,69,3.3,5,5.0,2,2,43
1956,2.1,7,73,4.9,10,7.9,10,10,66
1957,4.4,5,49,5.0,2,5.5,1,6,47
1958,3.3,6,85,2.6,9,5.5,6,6,53
1959,4.9,5,70,1.6,7,6.8,8,6,48
1960,3.9,7,57,2.8,1,6.3,3,9,68
1961,6.2,5,44,2.4,5,7.9,7,5,66
1962,4.7,3,78,3.8,9,5.9,1,9,28
1963,2.1,7,50,4.5,8,5.8,5,9,40
1964,3.9,4,70,1.2,1,6.0,8,7,50
1965,6.7,1,100,4.8,6,4.3,2,10,70
1966,1.8,4,95,2.0,1,6.3,7,3,59
1967,4.8,4,97,6.3,7,3.6,5,10,90
1968,2.9,6,42,3.4,5,5.6,10,1,40
1969,5.4,2,91,0.0,10,7.7,10,1,77
1970,4.8,2,47,2.8,1,8.3,2,4,38
1971,2.9,5,40,2.1,4,5.7,10,8,56
1972,4.2,6,79,3.8,2,6.2,1,3,62
1973,3.4,4,63,,9,7.8,5,7,56
1974,4.4,0,88,4.7,3,7.2,8,7,74
1975,2.5,5,51,1.2,8,7.5,5,1,38
1976,5.6,4,41,2.5,1,9.1,9,9,70
1977,5.5,1,42,5.2,6,5.4,5,2,33
1978,4.4,4,66,3.5,9,6.1,9,10,51
1979,4.7,0,90,2.1,6,7.5,8,3,61
1980,4.5,6,76,2.5,6,8.7,4,2,69
1981,0.8,1,59,1.9,7,5.8,2,9,42
1982,3.8,2,81,4.4,10,5.6,6,6,43
1983,1.0,0,94,2.4,5,5.2,6,4,46
1984,5.8,2,56,3.7,8,8.1,10,8,71
1985,3.2,4,87,4.1,8,6.3,6,7,50
1986,5.0,0,54,,1,7.1,10,3,60
1987,4.9,2,50,3.8,9,6.5,4,5,32
1988,2.4,0,67,3.7,4,6.3,2,6,45
1989,5.6,2,95,4.3,9,7.0,1,1,42
1990,3.5,6,75,2.9,9,6.8,3,2,45
1991,2.6,1,91,3.4,7,6.3,9,6,64
1992,2.5,5,95,2.6,7,6.9,8,7,57
1993,3.2,4,75,2.8,9,7.2,3,5,40
1994,6.3,4,47,3.6,9,5.5,6,8,48
1995,5.6,7,84,2.1,4,7.6,10,9,78
1996,1.5,1,78,2.3,2,6.5,2,6,52
1997,4.6,6,43,4.6,4,6.4,6,1,36
1998,2.0,6,56,5.4,2,6.3,9,6,59
1999,2.9,6,71,2.4,4,,10,6,62
2000,3.9,1,93,1.9,4,7.0,10,3,58
2001,4.4,6,66,3.8,6,5.4,9,7,77
2002,5.6,7,45,1.4,9,7.9,8,6,84
2003,3.7,1,79,3.9,6,5.9,7,2,58
2004,5.3,5,100,2.0,2,8.2,3,5,60
2005,5.7,1,42,3.2,10,6.3,8,6,83
2006,2.8,5,86,0.7,5,9.0,7,10,73
2007,4.4,6,80,3.8,6,5.9,5,8,70
2008,4.5,4,56,1.5,1,7.0,7,3,77
2009,0.5,5,92,2.7,5,5.8,1,2,25
2010,4.4,2,88,5.0,2,7.5,5,10,80
2011,3.1,3,78,2.7,4,5.3,8,10,53
2012,2.8,4,66,4.3,5,5.6,2,10,48
2013,7.6,1,83,2.6,4,6.6,8,1,63
2014,2.0,2,55,3.7,3,7.5,9,9,91
2015,6.0,5,87,0.0,8,6.0,3,4,61
2016,3.6,1,80,1.0,3,,10,4,79
2017,4.9,5,97,4.0,2,7.4,10,8,56
2018,4.0,2,81,2.0,2,8.0,3,4,63
2019,5.6,2,51,4.6,8,8.6,2,8,40
2020,5.1,3,43,4.4,4,5.6,10,1,72
2021,5.6,0,45,1.2,1,5.9,2,3,44
2022,4.3,2,93,2.4,3,6.2,9,4,65
2023,4.5,5,46,0.4,6,6.4,2,5,19
2024,2.3,0,87,4.1,3,7.7,9,9,76
2025,2.3,7,88,4.9,2,6.5,4,4,54
2026,6.2,0,61,,7,7.2,7,3,65
2027,3.5,0,88,3.9,10,5.8,5,1,45
2028,3.2,2,63,3.3,7,4.6,2,4,32
2029,5.7,1,50,4.3,10,6.8,6,5,51
2030,2.4,0,81,5.5,5,7.9,7,6,41
2031,1.4,4,78,3.4,7,8.7,4,3,42
2032,2.5,6,65,3.1,6,5.8,1,7,30
2033,2.8,4,63,0.0,8,7.2,8,2,45
2034,4.1,2,77,1.1,10,7.7,8,9,35
2035,3.8,2,92,2.2,5,5.2,6,1,59
2036,0.5,2,65,5.2,6,6.5,1,7,50
2037,5.1,6,90,2.6,4,6.8,5,8,76
2038,2.5,1,61,1.2,7,8.6,1,6,47
2039,3.9,0,56,3.4,3,7.5,5,1,86
2040,2.6,0,83,2.3,6,3.1,3,4,19
2041,3.7,0,60,2.8,9,7.7,2,10,66
2042,6.2,1,64,2.9,1,,2,8,82
2043,4.0,1,45,2.4,4,8.8,6,6,51
2044,5.2,6,90,1.8,9,4.1,2,9,69
2045,3.3,7,42,6.1,5,8.3,3,9,70
2046,2.6,1,79,6.4,3,5.4,4,2,26
2047,4.6,3,100,3.1,9,5.9,4,4,32
2048,5.7,1,62,3.6,8,5.5,8,1,35
2049,2.8,4,84,3.8,3,6.6,6,3,51
2050,3.5,1,84,1.7,8,4.6,9,10,47
2051,4.5,3,99,4.4,6,5.3,5,9,65
2052,3.1,6,91,4.6,1,4.0,1,3,52
2053,4.0,7,47,3.9,3,5.4,5,9,86
2054,1.0,4,59,4.3,2,5.8,6,2,32
2055,2.5,6,66,2.7,1,7.7,5,2,43
2056,6.6,2,88,6.6,2,6.7,7,5,65
2057,3.9,0,92,5.1,6,7.5,3,4,54
2058,5.0,5,90,4.5,5,6.8,10,2,63
2059,1.0,0,81,3.9,5,6.1,6,1,66
2060,2.5,5,75,3.1,7,8.1,2,7,51
2061,3.8,3,72,4.7,4,6.1,8,1,42
2062,4.6,1,47,1.9,5,4.7,1,8,66
2063,4.4,7,50,0.1,3,6.5,1,6,70
2064,3.4,6,61,4.9,4,7.5,1,5,62
2065,7.0,0,79,3.8,2,7.5,3,10,83
2066,2.2,4,55,5.6,2,6.6,9,7,63
2067,4.2,3,59,0.2,1,,3,10,68
2068,4.4,5,62,0.0,4,7.9,2,3,45
2069,5.7,6,65,1.7,6,7.1,6,1,52
2070,4.1,1,88,4.2,4,8.8,5,5,87
2071,2.3,4,67,1.9,9,5.1,2,6,22
2072,1.6,6,52,3.7,4,6.5,6,3,18
2073,2.3,7,97,4.1,9,5.9,6,7,65
2074,2.7,2,48,6.2,7,7.0,6,2,19
2075,3.5,4,83,3.7,1,5.6,2,9,34
2076,3.7,7,64,3.0,2,5.9,6,10,98
2077,3.1,7,56,1.5,3,4.9,8,9,41
2078,3.3,0,80,3.9,5,8.2,10,6,63
2079,3.6,0,62,6.0,8,5.0,8,6,58
2080,2.8,1,77,2.6,10,6.2,2,1,9
2081,6.2,3,51,4.6,9,7.0,3,1,24
2082,4.3,3,78,1.7,8,8.3,8,6,66
2083,2.3,0,82,3.8,6,5.9,8,6,52
2084,5.2,4,63,2.3,10,3.0,2,9,31
2085,2.7,1,90,2.6,2,4.9,4,8,51
2086,1.2,6,60,4.8,4,9.3,9,5,45
2087,4.8,3,46,4.7,9,4.9,8,5,62
2088,3.4,5,67,2.9,9,6.0,6,3,52
2089,5.1,5,40,0.9,7,7.2,7,6,47
2090,4.6,1,48,0.4,9,5.8,3,3,45
2091,3.5,5,73,3.9,3,3.7,5,3,58
2092,5.3,7,47,2.1,2,6.7,7,9,90
2093,5.8,7,51,3.2,6,5.8,5,4,42
2094,2.5,0,100,1.6,6,5.7,6,2,70
2095,4.1,3,94,1.4,7,6.2,9,10,56
2096,3.5,5,53,2.5,7,7.6,3,8,71
2097,3.0,6,89,2.0,10,5.2,2,1,32
2098,5.8,2,53,3.9,5,6.4,2,4,57
2099,3.8,4,79,3.0,1,7.9,2,1,47
2100,2.3,4,68,3.0,2,8.1,10,9,61
2101,0.5,7,83,2.3,5,8.9,8,1,57
2102,1.7,0,82,3.6,10,8.7,2,1,0
2103,3.4,1,85,2.6,9,8.9,7,6,59
2104,2.5,6,73,4.4,8,7.6,3,8,45
2105,6.1,1,42,3.0,9,7.0,5,4,55
2106,2.3,5,91,1.0,2,5.0,10,7,76
2107,4.0,2,62,3.4,10,6.9,10,6,34
2108,6.2,4,63,2.6,8,8.4,6,5,78
2109,4.7,5,56,2.1,10,5.6,3,5,60
2110,5.1,2,99,3.4,1,6.5,3,5,55
2111,0.6,5,81,2.7,8,4.7,7,5,19
2112,6.4,5,59,2.2,7,6.3,5,8,69
2113,6.5,6,52,3.8,8,4.6,9,4,44
2114,5.5,6,80,5.5,9,5.5,8,4,40
2115,6.9,1,48,1.8,10,9.8,3,9,72
2116,4.9,1,80,1.9,9,5.9,5,4,62
2117,3.5,4,86,2.9,7,7.1,3,7,29
2118,2.4,0,41,2.3,2,6.0,9,2,48
2119,5.2,5,59,2.1,1,6.0,7,1,57
2120,4.0,7,100,1.6,8,5.7,3,8,51
2121,4.8,2,56,4.9,4,6.7,1,4,81
2122,0.5,0,42,2.4,5,6.2,10,3,60
2123,4.7,7,49,0.0,1,8.3,1,2,73
2124,5.6,2,94,,6,5.5,3,1,63
2125,5.2,5,46,2.6,6,6.4,8,3,40
2126,2.8,2,75,3.0,9,6.7,3,9,52
2127,1.0,7,46,,7,4.8,4,2,58
2128,4.7,6,93,3.4,4,8.1,1,7,48
2129,5.7,1,43,3.3,5,6.2,10,9,80
2130,5.4,7,63,2.4,10,5.2,10,9,62
2131,3.9,3,50,4.3,2,6.0,4,8,74
2132,4.5,2,48,3.6,3,6.1,9,8,40
2133,4.1,7,44,5.5,2,7.0,4,9,44
2134,3.1,7,52,4.4,9,4.8,8,6,43
2135,2.2,2,79,2.5,9,6.8,4,8,37
2136,3.8,5,94,2.2,9,7.0,1,6,54
2137,4.7,2,87,2.0,3,7.3,6,8,80
2138,5.0,0,49,2.4,4,6.7,2,7,69
2139,6.0,5,78,5.2,9,7.9,5,7,61
2140,3.6,4,42,3.8,7,6.0,6,10,60
2141,2.3,7,42,0.1,3,6.8,2,6,68
2142,4.4,0,91,2.6,9,4.7,7,10,51
2143,3.9,3,88,3.2,4,4.8,3,2,49
2144,0.9,0,54,2.9,7,7.3,3,3,40
2145,5.5,2,52,3.4,2,8.7,1,7,49
2146,1.3,7,70,6.2,1,5.2,5,2,26
2147,1.9,2,50,3.4,5,4.8,9,8,56
2148,5.0,1,90,1.4,3,6.3,10,8,80
2149,5.0,4,76,,1,6.9,5,7,76
2150,4.0,1,81,2.4,3,8.6,2,4,65
2151,5.4,4,69,2.8,9,5.3,10,5,67
2152,1.7,5,63,6.7,2,5.1,6,1,17
2153,2.7,2,72,3.3,6,6.8,6,10,67
2154,3.2,1,95,4.6,4,6.7,8,1,48
2155,5.5,2,71,2.8,5,6.3,1,7,29
2156,1.5,6,50,2.5,1,5.8,9,4,63
2157,4.7,4,66,2.8,5,,3,5,58
2158,2.2,7,53,3.5,6,6.3,9,5,45
2159,4.7,6,92,0.6,5,7.7,6,9,73
2160,4.2,5,51,2.6,8,7.0,2,1,31
2161,4.4,3,100,1.6,6,6.4,4,1,37
2162,1.0,2,88,2.1,10,7.6,3,10,46
2163,4.0,2,50,3.0,3,6.8,8,7,70
2164,3.4,1,87,5.1,6,7.5,1,9,65
2165,2.7,3,95,4.5,10,,1,4,26
2166,1.7,3,99,1.8,10,6.0,7,8,41
2167,6.2,4,70,3.7,1,7.1,5,2,82
2168,3.1,7,65,,3,5.3,4,4,52
2169,3.1,3,84,3.4,8,6.0,3,1,39
2170,3.0,3,57,0.6,6,7.2,10,10,85
2171,5.5,2,47,2.4,7,5.5,3,6,56
2172,5.2,3,53,1.7,4,7.0,5,6,72
2173,3.9,7,66,4.0,10,5.0,10,6,70
2174,1.9,4,69,3.3,6,6.6,4,8,48
2175,6.7,1,94,5.5,2,7.4,2,6,73
2176,4.0,7,90,5.3,2,5.3,5,2,38
2177,4.8,4,49,2.0,8,5.2,1,10,49
2178,4.4,4,67,4.7,5,4.0,6,4,36
2179,2.3,0,81,7.3,5,5.1,5,1,34
2180,5.5,6,54,5.4,10,6.1,8,6,45
2181,5.1,5,75,3.7,3,5.6,5,9,77
2182,3.1,2,89,3.0,10,8.1,10,5,60
2183,1.1,0,57,1.4,1,7.6,5,9,52
2184,7.2,1,55,2.3,1,5.8,1,1,54
2185,1.7,5,83,1.8,8,5.3,7,3,44
2186,3.9,2,86,0.7,5,4.1,2,6,60
2187,1.6,7,83,2.0,1,8.0,7,9,70
2188,1.7,7,64,3.3,4,6.5,6,7,46
2189,2.5,3,61,0.0,7,5.2,9,6,78
2190,5.1,0,84,4.3,4,6.9,1,6,74
2191,3.0,7,84,3.3,7,7.6,5,10,59
2192,4.9,4,42,5.0,6,6.9,2,7,56
2193,4.1,4,83,2.4,6,3.8,9,3,57
2194,4.6,7,92,3.7,10,7.6,3,8,54
2195,6.5,1,51,5.5,8,6.0,3,3,31
2196,1.4,6,48,1.2,1,7.3,3,9,53
2197,1.9,1,69,1.6,7,7.9,3,3,34
2198,3.2,4,88,2.7,3,7.7,2,7,73
2199,2.8,1,84,2.4,5,7.8,4,4,51
2200,2.5,2,72,2.9,1,7.4,6,7,59
2201,3.6,4,43,0.4,8,5.1,4,2,22
2202,2.1,6,74,2.3,8,6.9,6,8,66
2203,5.8,3,45,3.8,8,7.2,4,1,51
2204,3.5,3,58,3.5,2,5.2,8,9,37
2205,3.9,0,93,3.0,3,6.0,2,9,45
2206,4.6,4,85,1.8,4,5.4,9,1,43
2207,1.5,2,43,0.1,10,6.6,3,2,9
2208,6.1,7,64,2.6,5,5.2,6,10,68
2209,5.1,5,94,3.1,2,3.0,1,2,42
2210,2.9,2,42,0.0,2,6.1,8,5,64
2211,3.7,2,96,4.6,7,6.7,10,2,49
2212,2.3,3,81,1.1,2,6.5,3,1,38
2213,5.0,6,50,3.5,10,6.7,5,6,74
2214,2.4,2,91,3.0,7,8.5,8,2,60
2215,4.0,6,72,3.5,3,8.3,7,3,81
2216,3.3,6,42,,8,7.2,2,4,46
2217,5.8,0,52,0.0,1,5.1,2,7,68
2218,3.2,0,94,4.8,5,5.7,2,8,53
2219,5.0,1,57,3.3,8,5.3,1,7,38
2220,5.0,2,98,1.9,10,8.6,5,9,61
2221,3.1,3,99,0.5,9,6.1,1,5,55
2222,3.6,3,61,5.9,2,7.6,6,5,61
2223,5.6,1,47,1.4,4,4.9,5,6,49
2224,5.2,2,47,2.3,6,7.1,10,7,88
2225,3.8,7,60,5.2,6,5.0,10,2,72
2226,2.5,2,73,1.5,10,5.8,5,9,26
2227,2.8,4,90,3.8,4,6.6,6,2,62
2228,6.5,2,56,2.6,2,7.2,2,2,91
2229,1.6,2,69,4.8,1,6.8,2,6,49
2230,3.9,2,44,2.1,7,5.7,9,7,57
2231,5.0,6,65,2.2,1,8.0,5,10,100
2232,3.4,4,41,2.6,4,5.2,2,6,56
2233,4.1,6,57,0.3,6,4.7,6,1,47
2234,4.0,7,44,2.5,10,6.1,4,7,18
2235,6.5,5,76,3.1,3,5.9,3,7,75
2236,2.3,5,40,2.5,9,6.6,5,4,51
2237,3.5,6,88,4.3,10,8.7,1,5,71
2238,3.1,5,68,2.6,8,5.9,2,3,53
2239,4.5,4,87,1.6,6,4.6,3,9,46
2240,5.3,7,98,4.5,3,7.1,8,4,66
2241,4.8,4,78,2.8,3,5.2,3,5,66
2242,2.9,3,59,3.0,4,6.6,8,3,28
2243,2.6,3,96,3.0,9,5.5,9,9,63
2244,3.7,4,73,5.3,9,5.6,10,9,35
2245,5.5,6,90,3.4,6,7.1,6,9,87
2246,1.3,1,89,1.2,6,8.8,7,8,60
2247,3.2,3,40,2.9,5,4.6,1,5,31
2248,3.7,4,62,2.8,3,6.5,3,1,62
2249,4.6,4,83,4.1,4,4.4,9,1,53
2250,3.5,1,75,4.4,3,7.3,6,7,68
2251,4.4,3,65,3.0,4,8.3,3,10,37
2252,6.2,1,43,1.3,1,4.3,2,2,42
2253,4.6,2,71,2.4,2,8.3,4,5,31
2254,4.5,1,56,0.2,4,6.6,7,2,49
2255,4.2,1,71,0.9,3,7.7,6,5,92
2256,1.0,1,53,2.8,5,5.5,10,9,66
2257,3.1,5,73,1.3,2,6.3,6,9,83
2258,4.1,3,82,2.2,7,7.4,9,1,55
2259,4.8,6,96,0.0,2,5.8,6,3,100
2260,3.8,2,69,1.3,7,6.0,9,7,82
2261,1.1,6,84,2.0,10,8.4,2,9,36
2262,5.0,6,91,2.0,2,8.9,8,2,87
2263,6.4,2,98,5.8,10,8.3,8,5,40
2264,4.2,5,73,3.8,8,5.7,1,8,42
2265,4.8,7,79,3.0,1,7.1,9,7,96
2266,0.5,5,83,0.7,8,7.6,3,7,42
2267,3.6,5,68,4.4,4,6.3,3,3,49
2268,4.5,6,46,1.6,9,3.5,9,5,20
2269,4.2,5,64,3.5,8,7.3,4,8,35
2270,5.1,7,57,1.2,10,7.7,5,5,49
2271,2.0,2,91,1.4,5,6.2,6,5,65
2272,3.5,4,64,1.0,2,6.0,9,3,34
2273,8.0,5,40,5.2,8,6.2,6,4,74
2274,3.0,0,47,4.2,8,7.0,7,4,47
2275,3.8,1,87,2.1,10,6.5,5,2,51
2276,3.9,5,80,2.9,7,6.1,3,2,56
2277,3.7,2,92,2.8,9,7.1,8,9,57
2278,3.0,0,65,,2,8.3,2,4,52
2279,6.2,2,55,3.5,8,6.1,3,10,74
2280,4.3,5,99,1.8,3,6.3,6,1,37
2281,4.4,2,96,2.6,10,4.8,9,8,77
2282,4.6,0,70,2.8,9,6.6,4,7,76
2283,4.3,4,88,0.9,8,6.2,1,3,54
2284,7.9,1,54,3.8,10,6.0,7,8,63
2285,5.0,1,92,2.9,3,7.9,3,4,73
2286,1.6,0,77,2.0,1,7.5,3,4,28
2287,4.6,7,69,3.2,3,5.5,4,3,46
2288,5.5,6,51,1.2,10,5.7,4,3,51
2289,5.8,4,88,2.0,9,7.2,8,3,66
2290,5.1,7,91,4.5,4,5.6,2,2,46
2291,4.4,2,45,0.6,8,7.5,7,8,58
2292,4.1,4,61,1.5,7,5.0,3,8,35
2293,2.4,2,64,2.6,9,,9,1,18
2294,4.3,0,79,2.5,5,8.5,3,7,88
2295,3.9,1,40,2.3,2,5.6,5,2,55
2296,7.0,4,53,2.7,3,7.9,8,1,93
2297,2.6,7,44,0.0,10,6.8,4,1,43
2298,6.2,5,68,3.8,5,6.8,6,1,46
2299,5.8,1,76,4.5,6,7.2,7,4,34
2300,3.0,7,85,6.0,2,7.8,1,8,70
2301,1.4,3,64,2.7,1,6.2,6,5,62
2302,8.1,4,52,4.2,4,6.8,4,5,99
2303,5.4,5,75,0.3,2,7.8,8,5,84
2304,5.3,3,93,5.3,9,7.6,6,5,58
2305,5.8,0,89,1.4,2,6.3,5,1,65
2306,7.9,2,81,2.6,10,,3,1,60
2307,4.7,0,48,0.8,8,7.8,8,4,75
2308,4.1,2,49,3.0,2,6.0,3,6,85
2309,2.6,7,96,3.3,6,7.8,2,6,54
2310,0.8,6,55,2.7,2,6.9,6,3,84
2311,4.5,4,43,3.5,4,5.0,5,5,58
2312,4.5,3,58,1.7,10,8.3,4,7,43
2313,3.9,0,40,1.9,8,6.9,1,10,27
2314,4.2,5,69,,3,7.2,6,10,67
2315,1.0,2,100,5.2,7,3.7,10,2,40
2316,4.0,7,52,,10,3.0,4,4,45
2317,4.8,2,68,3.9,7,6.3,10,8,39
2318,6.1,7,75,1.3,3,6.9,2,8,99
2319,4.6,1,79,5.5,3,7.5,1,7,49
2320,4.3,0,46,3.7,8,5.8,1,9,44
2321,5.1,6,60,1.7,2,5.4,3,2,70
2322,6.0,1,51,4.7,10,5.7,6,6,53
2323,3.2,5,56,5.8,1,6.3,8,7,78
2324,3.5,3,53,2.8,5,6.7,7,1,52
2325,5.3,7,42,4.2,6,5.9,2,4,54
2326,5.3,3,99,3.9,1,5.9,3,3,72
2327,6.5,6,57,4.3,2,6.9,9,7,83
2328,4.7,1,76,0.6,8,5.6,10,4,51
2329,1.3,1,93,3.1,8,4.7,3,10,46
2330,4.8,7,55,1.7,5,4.7,4,7,77
2331,4.8,7,96,5.4,4,6.5,4,7,66
2332,4.8,1,62,6.0,10,6.9,9,2,39
2333,4.6,5,53,3.4,10,6.9,1,10,56
2334,4.7,5,86,4.7,4,4.6,1,3,45
2335,4.4,5,62,0.2,4,6.6,2,9,95
2336,3.5,3,65,3.1,4,4.7,5,10,59
2337,3.1,5,91,4.2,7,,10,5,80
2338,3.0,5,74,2.6,5,5.4,3,9,50
2339,3.7,5,78,,4,6.3,5,2,41
2340,5.9,1,54,0.8,6,5.6,7,3,56
2341,4.0,2,72,2.2,10,6.7,9,4,44
2342,4.7,0,51,4.9,5,5.1,1,5,32
2343,4.9,4,48,0.1,9,6.4,3,10,72
2344,3.0,3,98,1.6,9,4.9,4,2,29
2345,5.4,4,74,3.8,10,7.3,1,6,57
2346,2.4,6,57,2.4,7,6.2,2,3,23
2347,1.7,5,83,4.2,1,5.5,5,4,41
2348,2.4,6,65,3.3,3,4.8,1,4,27
2349,1.0,0,54,5.2,3,4.9,1,3,29
2350,4.2,0,92,3.2,1,6.4,5,7,70
2351,2.9,7,67,3.0,1,6.1,2,3,19
2352,4.3,7,91,0.0,1,4.5,9,1,52
2353,3.8,0,51,6.3,2,6.0,8,10,48
2354,0.5,7,58,5.4,6,8.9,9,1,29
2355,3.6,1,84,2.3,7,4.6,2,1,23
2356,2.7,2,42,,5,6.6,2,7,49
2357,4.7,2,88,5.5,7,4.8,8,1,50
2358,1.6,2,70,1.7,9,6.7,9,8,38
2359,5.1,2,49,3.5,2,5.4,4,4,34
2360,2.4,0,91,3.5,1,3.7,6,6,29
2361,2.1,0,86,1.1,6,7.2,8,4,60
2362,5.6,7,84,3.2,1,4.2,2,9,59
2363,6.2,4,91,4.8,2,7.9,2,1,57
2364,3.6,4,92,4.0,9,8.6,1,1,18
2365,2.0,5,87,1.8,10,4.6,6,6,16
2366,5.0,1,64,5.1,3,7.4,4,5,65
2367,3.7,2,71,2.8,8,5.4,7,7,58
2368,5.4,2,81,2.3,3,6.9,7,4,71
2369,1.7,3,72,5.1,5,8.6,9,3,67
2370,5.3,6,45,0.8,9,5.4,2,1,42
2371,3.7,6,80,4.0,3,7.8,4,6,96
2372,5.5,3,49,1.7,2,8.6,4,2,54
2373,3.4,5,88,2.6,10,5.1,5,5,59
2374,5.5,0,50,3.5,7,4.6,7,7,84
2375,2.5,0,58,1.3,1,8.4,9,3,59
2376,1.8,2,95,3.6,7,6.3,9,1,23
2377,2.9,4,70,4.6,3,5.7,2,5,32
2378,3.4,2,46,3.3,4,5.2,4,10,75
2379,1.3,3,59,2.4,1,4.9,3,5,40
2380,5.3,2,83,3.4,7,6.1,7,10,74
2381,3.5,3,49,2.2,4,5.7,4,8,48
2382,5.1,6,90,0.7,6,5.8,5,5,79
2383,2.2,1,80,2.1,10,7.8,9,7,61
2384,4.1,0,83,4.2,4,7.0,10,10,100
2385,4.3,1,93,2.4,9,6.7,7,3,49
2386,7.3,0,54,3.3,9,5.5,3,7,43
2387,3.4,0,85,4.4,7,8.1,3,7,28
2388,3.9,6,100,1.9,7,6.3,7,8,92
2389,4.1,7,84,6.3,2,5.4,3,1,39
2390,5.9,7,80,2.7,9,6.0,4,2,56
2391,5.8,4,56,2.1,4,6.8,2,7,60
2392,7.2,6,61,3.9,2,6.6,6,2,68
2393,2.5,6,76,3.2,5,7.4,8,10,39
2394,5.6,0,71,1.2,4,5.7,4,1,43
2395,7.5,0,77,2.0,6,6.0,8,5,76
2396,0.6,5,53,2.8,10,7.1,5,7,67
2397,4.4,3,86,2.5,4,7.2,8,1,44
2398,6.9,5,86,4.5,9,8.4,2,9,65
2399,4.2,0,60,4.0,5,7.4,7,10,59
2400,4.3,5,76,3.6,2,5.7,4,2,32
2401,4.6,2,95,0.5,10,7.5,2,10,79
2402,4.4,2,72,3.0,6,6.5,6,2,38
2403,4.0,6,64,2.8,2,5.0,10,8,53
2404,3.4,4,83,1.9,3,7.4,8,5,57
2405,3.1,3,65,3.2,10,6.8,4,2,41
2406,6.0,3,90,4.7,9,7.0,6,1,75
2407,2.5,7,93,2.5,5,4.8,8,2,63
2408,0.5,6,85,2.8,3,5.9,5,10,17
2409,4.1,5,43,0.8,7,6.8,5,10,44
2410,4.5,1,65,1.8,6,7.0,2,8,82
2411,5.7,3,52,2.5,6,3.8,9,2,45
2412,5.6,5,77,3.7,6,6.8,8,6,59
2413,2.9,3,69,2.1,1,5.5,1,6,45
2414,2.0,3,63,3.5,9,9.2,3,6,40
2415,4.0,1,84,1.3,1,5.5,1,1,33
2416,5.2,5,48,3.9,5,3.3,2,10,29
2417,2.9,0,97,1.6,7,5.2,8,3,55
2418,4.3,7,57,4.2,1,6.8,10,8,97
2419,4.4,5,72,1.8,7,8.7,8,8,75
2420,2.5,4,62,3.5,2,7.3,7,6,62
2421,4.5,3,48,2.9,3,7.0,4,1,60
2422,4.3,5,73,0.9,4,6.5,8,10,72
2423,5.8,6,83,5.9,8,6.3,1,4,35
2424,2.9,2,65,0.6,1,5.6,5,3,66
2425,3.4,6,52,1.7,10,6.6,3,7,63
2426,3.6,4,84,3.0,10,7.7,10,5,44
2427,2.7,5,47,3.7,8,5.2,5,7,33
2428,2.9,0,72,3.1,5,6.1,4,1,33
2429,2.2,3,49,4.2,4,3.2,3,7,24
2430,3.2,7,67,2.0,5,7.1,6,9,68
2431,3.3,5,49,3.5,8,6.7,4,8,40
2432,2.1,6,41,2.5,9,7.5,4,6,45
2433,4.8,1,67,1.6,6,5.8,10,3,71
2434,3.5,4,58,2.2,6,6.5,1,4,54
2435,3.8,1,56,5.8,10,5.7,5,1,31
2436,6.2,5,49,1.3,10,5.2,7,9,56
2437,2.2,7,88,5.2,8,6.7,5,4,35
2438,3.9,3,62,1.4,5,7.0,6,9,63
2439,2.9,0,69,2.7,10,7.2,4,7,60
2440,3.9,2,75,2.2,8,4.8,2,4,29
2441,4.0,1,89,4.0,2,6.4,5,8,54
2442,6.0,6,73,4.3,10,7.6,6,4,62
2443,8.0,7,97,2.0,5,5.6,9,7,100
2444,2.8,4,59,3.5,9,6.4,3,4,42
2445,4.5,7,68,5.4,9,9.2,4,1,22
2446,5.5,4,95,3.9,8,5.9,10,10,65
2447,3.4,4,78,2.4,8,5.4,6,5,60
2448,3.1,0,79,1.7,4,6.5,2,7,58
2449,4.6,2,80,4.2,1,7.7,8,6,56
2450,6.8,2,89,3.7,6,5.4,10,3,79
2451,6.2,7,83,3.5,9,9.2,4,1,40
2452,3.1,4,74,,9,5.4,4,5,58
2453,3.8,5,93,4.4,5,6.0,5,7,48
2454,2.8,6,56,2.7,1,7.2,3,7,70
2455,5.4,0,91,4.7,3,6.3,10,3,64
2456,3.8,4,77,4.7,6,6.6,3,4,60
2457,3.3,7,54,4.9,5,5.6,2,2,49
2458,0.5,1,75,1.0,2,7.5,3,10,67
2459,4.9,6,84,2.8,3,6.6,2,6,79
2460,3.1,1,48,5.5,3,7.2,1,3,29
2461,6.0,4,52,3.2,6,6.2,1,8,47
2462,5.8,3,84,2.2,2,6.1,6,1,36
2463,4.8,4,45,0.9,2,4.0,4,7,66
2464,4.8,6,43,2.2,4,6.3,5,3,60
2465,3.3,1,91,0.1,9,8.0,8,6,56
2466,1.8,1,77,1.0,4,3.4,10,4,48
2467,5.1,5,94,2.4,8,8.6,4,4,25
2468,4.8,5,54,4.4,9,6.1,10,3,15
2469,5.5,5,92,2.5,1,6.9,4,1,86
2470,6.6,3,64,3.5,6,7.5,10,9,69
2471,3.6,2,61,2.3,1,5.5,2,6,58
2472,5.5,1,88,3.8,6,5.0,9,7,62
2473,2.2,1,87,6.2,8,4.0,10,2,26
2474,2.8,4,81,5.5,8,5.3,8,4,47
2475,3.2,6,55,3.8,5,6.7,4,10,51
2476,3.5,7,84,2.4,3,5.1,2,1,47
2477,5.2,1,53,1.5,1,8.4,1,1,35
2478,3.4,7,69,4.2,10,6.8,6,4,20
2479,6.8,4,70,2.9,4,6.1,2,2,57
2480,4.2,7,83,4.7,6,7.0,3,4,48
2481,5.7,6,49,3.0,2,7.5,6,10,86
2482,1.7,1,71,,10,7.4,5,6,29
2483,5.5,1,73,0.2,8,6.1,9,7,78
2484,4.8,0,64,3.6,2,6.1,10,4,65
2485,4.3,4,59,1.6,8,5.9,5,7,44
2486,5.0,3,53,2.9,8,6.2,2,6,46
2487,2.0,6,95,0.7,3,5.2,10,6,43
2488,2.8,2,83,3.9,2,7.7,6,9,59
2489,4.8,3,57,3.7,3,9.0,4,7,59
2490,3.8,4,71,4.0,3,5.2,9,9,70
2491,4.6,0,57,4.9,7,6.0,3,3,13
2492,6.3,2,54,3.2,9,7.2,1,5,45
2493,5.2,0,68,0.7,4,4.9,7,2,56
2494,1.7,5,46,3.3,4,6.9,6,2,12
2495,2.2,4,56,1.5,1,4.2,5,1,23
2496,6.3,1,78,0.9,8,6.6,10,3,56
2497,1.5,4,49,2.6,8,7.8,3,2,20
2498,4.5,0,97,0.8,6,7.7,4,7,33
2499,6.9,4,41,0.8,3,5.0,1,7,81
2500,5.0,3,100,1.0,10,6.7,1,8,64
2501,5.0,6,89,1.9,5,6.8,1,3,66
2502,4.2,2,92,2.3,6,5.4,7,10,60
2503,4.7,3,44,2.5,6,5.9,10,10,66
2504,4.0,2,75,3.1,7,6.2,6,5,61
2505,3.3,2,65,4.4,1,6.5,1,5,44
2506,2.0,1,77,3.8,9,7.2,6,7,49
2507,2.6,2,77,1.7,8,6.6,10,8,68
2508,5.5,7,65,6.4,4,4.7,9,2,56
2509,4.3,1,87,3.1,10,7.9,2,8,23
2510,1.5,6,62,3.2,4,5.9,2,1,55
2511,4.3,7,81,0.0,1,5.6,3,8,86
2512,2.9,6,52,6.0,9,5.9,5,6,18
2513,2.9,3,46,0.0,10,6.9,10,6,55
2514,5.5,0,55,4.2,10,6.3,9,2,35
2515,2.0,6,83,3.2,8,7.6,2,7,40
2516,5.3,1,52,3.6,7,7.9,9,7,31
2517,0.9,0,82,5.4,2,6.0,10,5,70
2518,4.5,7,66,1.5,5,4.3,2,9,84
2519,2.4,6,53,0.1,1,8.2,1,5,47
2520,5.1,0,93,3.3,5,6.3,10,3,44
2521,5.5,1,88,,10,8.2,7,3,46
2522,3.4,5,57,2.2,6,4.3,10,10,65
2523,3.1,7,90,4.0,1,,1,2,77
2524,6.2,2,67,0.7,9,6.4,10,7,53
2525,2.8,2,89,1.8,1,6.9,9,1,42
2526,0.7,3,47,4.9,9,7.6,5,7,31
2527,2.3,1,43,4.8,9,6.6,4,9,30
2528,5.3,2,41,1.4,9,6.6,9,8,40
2529,3.8,4,53,1.9,2,7.1,10,3,57
2530,2.8,2,49,3.4,6,5.4,7,9,56
2531,6.2,2,56,3.3,3,6.2,8,6,82
2532,6.0,3,80,3.2,4,5.3,2,1,56
2533,2.6,1,83,2.2,8,6.3,3,8,73
2534,4.2,4,80,3.1,3,7.3,9,7,63
2535,5.7,4,53,2.3,9,5.5,3,5,39
2536,2.5,0,43,1.3,6,6.7,1,1,34
2537,3.3,5,46,3.4,10,,2,1,9
2538,5.1,2,90,4.0,5,5.4,6,5,31
2539,4.3,0,87,3.5,4,5.2,2,9,42
2540,4.8,7,74,0.0,1,5.7,2,9,78
2541,3.3,3,59,4.7,2,7.8,4,5,39
2542,4.2,4,75,,9,5.8,8,1,37
2543,5.0,3,100,2.8,6,6.7,10,5,60
2544,6.3,4,64,2.9,8,7.4,7,6,75
2545,5.7,0,78,3.2,7,6.6,8,3,61
2546,3.0,3,92,0.3,2,7.2,6,10,100
2547,4.0,1,84,0.3,3,6.0,4,3,35
2548,4.7,3,40,2.5,3,5.8,10,7,54
2549,2.9,2,92,0.8,5,7.5,5,6,69
2550,5.0,7,54,1.5,3,7.6,3,4,76
2551,0.5,6,65,1.8,5,6.5,2,7,27
2552,3.2,6,89,5.1,1,7.2,4,10,78
2553,3.4,5,92,1.4,10,4.8,8,5,24
2554,1.1,3,88,6.1,3,5.8,3,9,71
2555,3.8,0,67,5.3,4,6.7,9,3,73
2556,3.3,4,75,6.1,9,7.2,10,9,60
2557,6.3,5,55,4.2,10,7.2,4,2,31
2558,4.0,0,44,1.7,7,5.9,3,5,36
2559,4.9,6,73,1.8,5,7.7,3,1,54
2560,4.5,6,73,1.0,6,6.3,8,2,62
2561,4.8,2,88,2.2,8,8.0,9,10,97
2562,3.4,4,69,1.9,9,7.9,5,3,49
2563,4.7,2,70,3.1,8,6.6,3,8,49
2564,7.1,1,44,0.6,3,8.7,10,6,87
2565,4.0,1,87,1.5,6,,3,6,56
2566,5.2,4,80,5.9,3,6.3,3,8,71
2567,3.4,1,43,4.2,5,6.7,6,8,50
2568,3.1,7,45,2.6,9,6.0,9,6,53
2569,5.9,6,47,4.3,6,6.9,10,1,49
2570,4.1,1,45,4.3,2,7.1,1,1,45
2571,1.5,6,55,4.2,1,7.9,4,4,59
2572,4.0,7,41,2.7,6,8.2,1,3,49
2573,0.6,4,77,3.7,9,7.0,9,10,69
2574,5.5,1,54,4.2,5,7.8,1,10,44
2575,3.9,2,79,0.0,5,6.8,4,10,65
2576,3.5,5,40,3.5,10,6.6,5,4,31
2577,4.9,5,98,2.0,10,6.3,2,10,52
2578,7.4,0,46,2.1,5,4.3,1,8,55
2579,6.9,2,85,2.0,2,7.8,6,1,53
2580,1.7,7,72,2.3,5,5.9,10,4,71
2581,5.7,2,87,2.6,4,4.3,8,5,81
2582,4.7,1,61,3.8,5,5.5,10,4,71
2583,2.8,2,89,2.8,6,7.5,4,2,47
2584,2.0,3,46,2.3,6,7.2,8,3,49
2585,4.7,6,74,5.8,2,6.7,3,10,65
2586,2.7,0,91,2.3,4,6.3,9,5,39
2587,4.5,4,96,3.7,1,4.9,6,5,39
2588,4.2,7,82,0.3,8,4.2,6,6,76
2589,3.7,1,77,2.3,10,5.6,10,5,61
2590,2.0,5,90,3.8,2,5.8,7,9,50
2591,5.0,2,45,3.6,8,8.9,3,9,88
2592,5.6,5,72,3.1,4,8.1,1,4,62
2593,2.3,6,68,7.4,4,5.1,10,5,47
2594,3.6,0,78,0.3,4,7.1,7,4,47
2595,5.8,3,97,1.5,7,8.0,8,3,49
2596,2.2,3,48,2.4,4,5.6,1,6,31
2597,3.2,4,53,3.2,5,3.7,2,5,13
2598,0.5,2,92,0.6,8,6.6,10,1,41
2599,1.5,2,46,1.8,2,7.8,9,1,35
2600,5.4,4,61,3.0,9,7.9,8,5,54
2601,5.3,1,58,1.4,9,7.1,4,6,46
2602,4.1,7,82,3.8,2,5.4,6,8,80
2603,2.4,3,94,3.0,2,8.5,8,7,97
2604,3.5,7,83,3.2,9,4.4,3,4,46
2605,4.9,6,53,3.7,5,6.6,7,8,61
2606,3.7,3,80,1.8,7,7.6,1,2,77
2607,4.8,1,44,2.4,5,8.0,2,3,45
2608,8.0,5,69,3.1,6,6.4,9,7,79
2609,6.9,4,41,,9,6.3,3,9,65
2610,4.1,1,71,3.1,8,7.6,6,8,46
2611,3.1,5,90,3.4,4,6.7,9,7,37
2612,4.9,5,85,4.5,10,6.5,5,5,33
2613,3.0,4,64,4.6,7,7.8,4,3,46
2614,5.2,5,65,0.6,6,5.2,7,7,73
2615,4.1,4,70,2.3,10,7.3,5,2,33
2616,4.9,5,81,3.7,3,4.4,7,2,33
2617,5.2,7,42,3.8,6,6.5,1,10,74
2618,1.0,1,83,3.6,10,6.7,6,10,51
2619,3.8,6,83,2.6,9,6.6,4,5,30
2620,6.6,7,89,0.0,2,6.5,4,9,100
2621,5.2,4,40,2.5,5,7.7,1,8,67
2622,3.9,7,63,2.3,10,7.1,2,5,30
2623,2.4,5,81,0.2,4,5.2,10,4,69
2624,1.7,3,42,4.7,8,6.2,6,1,38
2625,3.9,3,98,3.4,5,8.4,4,7,55
2626,2.9,5,97,3.3,5,5.9,4,4,44
2627,3.3,1,93,4.4,6,7.6,2,7,20
2628,2.9,1,41,2.8,1,7.4,1,2,41
2629,4.2,7,68,1.5,7,6.7,4,2,44
2630,3.5,2,47,3.0,2,5.5,8,7,56
2631,5.3,6,71,,10,4.9,6,7,68
2632,3.7,7,76,2.0,7,5.6,4,7,60
2633,5.0,3,51,0.8,2,3.2,9,8,92
2634,1.8,1,60,5.9,5,5.5,2,7,56
2635,3.3,0,93,4.3,3,7.8,3,1,40
2636,4.7,4,85,3.2,8,8.8,2,6,58
2637,5.6,4,44,3.5,10,6.2,7,9,42
2638,4.8,4,54,4.6,3,6.8,3,7,61
2639,0.5,5,68,1.1,8,7.3,6,5,35
2640,4.6,3,79,4.9,10,5.7,9,7,82
2641,4.8,4,79,5.3,4,9.5,7,7,72
2642,2.8,7,94,4.3,4,6.0,2,8,98
2643,1.6,5,98,1.9,4,7.4,7,10,56
2644,5.3,3,65,2.0,2,4.6,9,6,75
2645,4.2,1,97,4.4,3,7.2,7,3,52
2646,5.0,7,80,3.1,8,7.3,10,3,73
2647,5.1,4,87,1.6,9,6.7,7,10,96
2648,4.5,3,88,2.5,8,6.3,5,1,35
2649,5.3,1,81,4.6,4,6.3,7,3,56
2650,7.5,6,45,1.6,3,6.1,10,9,96
2651,2.8,7,65,0.6,2,7.7,10,1,67
2652,4.5,7,99,3.5,5,5.7,1,3,70
2653,4.1,2,61,4.6,3,6.0,3,4,33
2654,5.6,2,94,1.9,10,6.7,1,6,66
2655,4.4,7,99,1.6,10,5.4,4,5,79
2656,2.4,5,45,3.4,8,8.6,10,7,55
2657,4.9,0,82,0.8,7,6.6,1,8,50
2658,4.3,5,98,2.9,8,6.3,3,10,83
2659,4.0,1,48,4.5,2,6.4,4,9,76
2660,1.9,6,49,3.5,9,4.5,7,8,14
2661,6.8,0,54,6.5,1,7.5,6,10,83
2662,4.1,2,89,3.9,1,4.6,3,2,30
2663,4.6,6,79,3.0,7,5.9,8,1,57
2664,2.7,2,53,2.8,2,,9,1,56
2665,1.9,1,51,3.7,5,8.7,3,8,60
2666,3.0,3,56,1.9,5,6.4,2,4,48
2667,5.5,6,84,4.7,9,7.9,3,1,29
2668,5.1,5,70,4.8,1,7.9,9,4,69
2669,2.3,5,64,2.5,6,5.0,4,1,31
2670,3.8,2,49,2.2,5,5.4,5,8,60
2671,6.0,3,88,4.6,6,7.2,7,4,94
2672,3.8,2,51,3.4,7,6.7,8,3,40
2673,5.4,4,76,0.0,9,7.1,6,7,55
2674,4.7,0,92,2.4,10,6.0,6,1,24
2675,5.2,3,85,5.2,9,6.3,2,1,12
2676,4.4,5,53,2.7,3,6.8,1,1,67
2677,5.8,0,92,0.2,1,5.6,9,10,84
2678,5.0,7,93,6.5,2,8.2,3,1,54
2679,8.6,5,98,1.2,2,8.5,4,7,97
2680,5.3,5,80,5.2,9,6.2,1,5,52
2681,5.7,1,90,4.1,7,5.7,6,7,52
2682,3.7,5,64,3.1,1,5.3,5,2,39
2683,5.5,0,70,4.3,10,6.9,10,2,56
2684,4.7,0,56,0.0,4,9.0,8,1,55
2685,2.6,7,80,2.6,5,6.4,8,4,59
2686,1.7,3,56,3.0,2,6.9,6,1,17
2687,3.2,7,45,3.2,8,5.3,1,10,29
2688,3.6,4,59,4.6,2,5.4,8,9,76
2689,4.7,0,52,2.5,5,5.0,6,5,34
2690,3.6,4,72,4.7,8,7.1,1,1,24
2691,4.2,7,53,3.0,10,6.3,9,6,45
2692,5.2,4,83,1.5,8,5.2,2,2,52
2693,2.9,0,64,3.2,4,6.9,7,9,51
2694,7.7,2,93,5.0,3,6.6,2,7,68
2695,3.5,4,74,2.1,1,6.1,5,2,47
2696,2.1,4,98,0.5,9,6.1,9,6,51
2697,4.4,2,67,0.2,1,3.9,6,10,78
2698,4.9,2,52,1.6,2,7.0,2,4,52
2699,4.8,3,48,2.9,3,4.9,4,8,32
2700,3.3,0,67,2.7,4,6.4,9,4,27
2701,2.6,6,80,2.8,9,7.4,3,2,32
2702,5.1,7,63,4.8,4,5.4,3,5,21
2703,3.4,0,71,4.5,9,5.9,5,4,75
2704,5.6,2,57,4.9,7,8.0,1,10,58
2705,6.4,2,81,4.6,7,7.3,3,3,54
2706,1.5,1,89,0.0,7,7.6,9,9,80
2707,4.4,3,55,5.9,3,6.5,7,3,47
2708,2.0,0,87,3.3,7,5.9,5,9,51
2709,5.4,0,90,3.0,4,6.4,2,9,44
2710,4.0,0,68,1.4,7,7.4,8,1,32
2711,3.9,1,99,4.2,8,6.6,1,5,37
2712,5.9,6,94,3.3,8,7.1,9,4,57
2713,2.6,3,42,0.0,5,8.6,4,9,43
2714,5.5,1,56,3.9,2,5.6,6,2,69
2715,4.5,1,46,2.3,3,5.6,9,6,76
2716,5.6,4,96,3.1,10,5.6,7,5,55
2717,4.0,1,41,3.5,5,6.1,4,4,47
2718,4.1,2,65,3.7,2,6.4,6,10,50
2719,3.6,1,89,2.5,10,6.3,9,9,77
2720,5.5,0,93,3.1,6,5.4,8,9,71
2721,3.2,6,85,1.0,1,6.4,2,1,57
2722,4.4,1,64,3.4,2,7.2,10,1,58
2723,1.1,4,52,2.0,8,6.5,6,8,47
2724,3.8,1,97,0.5,10,4.2,4,10,42
2725,1.7,7,50,4.9,3,6.3,7,6,42
2726,6.6,4,57,3.0,10,9.2,10,10,67
2727,5.3,3,72,4.2,4,5.7,4,8,53
2728,2.0,1,77,3.5,1,7.8,6,4,49
2729,1.0,5,93,1.9,10,5.8,5,9,33
2730,3.9,5,49,1.9,5,6.5,7,9,70
2731,5.2,4,71,4.3,8,7.2,5,6,13
2732,3.0,3,87,4.7,1,5.7,6,9,57
2733,5.3,4,93,3.2,5,4.7,9,9,83
2734,3.0,0,94,4.0,2,7.0,9,5,66
2735,5.2,6,55,5.0,9,5.8,2,4,46
2736,4.5,1,75,4.4,10,7.0,4,2,28
2737,6.0,6,46,2.0,2,7.1,7,4,82
2738,5.0,4,49,0.5,8,6.2,10,7,58
2739,1.0,6,91,4.2,7,7.0,2,6,57
2740,3.4,4,76,4.7,9,5.6,1,3,24
2741,2.1,6,63,5.8,5,6.6,1,7,30
2742,4.2,0,47,4.5,1,3.6,1,6,51
2743,5.5,1,81,2.6,8,6.6,8,9,78
2744,3.1,6,100,3.5,8,6.8,5,6,50
2745,4.1,2,45,5.3,7,8.5,2,2,31
2746,4.9,5,60,2.6,6,6.4,5,8,64
2747,1.6,5,100,4.7,8,5.6,4,7,60
2748,4.3,7,80,5.1,2,5.6,8,8,87
2749,2.0,2,65,,2,7.7,5,2,47
2750,6.8,6,100,1.5,5,5.2,8,5,83
2751,4.5,1,87,0.0,3,6.6,7,5,83
2752,4.4,0,72,4.0,1,6.6,10,9,53
2753,3.9,6,46,1.2,7,5.9,10,8,72
2754,4.5,2,100,1.3,10,6.6,4,6,58
2755,4.4,4,99,1.4,1,5.1,3,6,64
2756,6.7,5,94,3.0,10,4.8,9,6,36
2757,1.2,0,50,0.8,1,6.8,8,4,41
2758,2.1,6,56,2.7,4,5.5,9,3,35
2759,2.5,1,66,5.2,7,6.3,10,7,32
2760,5.7,7,96,2.0,5,7.4,2,5,63
2761,4.3,3,92,2.7,9,5.5,3,6,42
2762,3.0,7,94,5.5,7,7.3,8,1,46
2763,3.7,0,48,3.8,10,6.3,1,4,32
2764,1.5,6,63,,7,5.9,7,9,54
2765,6.6,4,70,2.7,5,7.0,9,4,83
2766,4.0,1,75,2.2,7,7.3,10,10,53
2767,6.6,4,95,5.2,2,5.7,4,5,64
2768,3.2,4,44,4.2,5,6.6,3,10,44
2769,4.2,3,57,2.8,4,7.7,6,6,80
2770,5.7,6,97,1.8,6,7.9,7,1,61
2771,3.4,0,82,3.1,3,5.4,3,4,30
2772,3.1,2,99,2.5,4,6.9,1,1,41
2773,3.9,5,53,2.7,7,6.2,1,4,62
2774,5.1,5,42,4.1,6,8.4,5,1,32
2775,2.5,6,71,1.2,1,5.8,9,3,69
2776,5.0,5,59,2.2,10,3.5,7,6,35
2777,1.8,3,70,2.4,8,7.6,2,4,23
2778,3.8,0,50,3.1,3,4.9,2,9,23
2779,4.7,7,44,2.0,9,8.8,10,9,80
2780,3.2,0,78,2.4,10,4.4,4,3,17
2781,2.1,7,43,5.7,6,,7,3,38
2782,2.3,1,42,5.5,8,6.9,6,5,28
2783,0.5,7,75,4.0,5,,5,9,32
2784,4.8,4,96,1.6,4,4.8,7,4,62
2785,1.7,4,59,3.3,4,8.1,8,2,36
2786,4.6,4,82,5.2,1,4.8,9,4,66
2787,4.2,7,50,2.1,5,5.1,9,9,73
2788,2.2,1,85,1.6,1,8.7,4,8,61
2789,2.7,1,87,4.4,6,6.8,5,3,21
2790,3.3,3,40,4.1,2,8.2,7,5,70
2791,4.4,5,80,1.2,7,7.8,6,10,80
2792,2.8,0,56,2.4,4,5.6,10,4,47
2793,1.5,5,84,5.7,8,8.1,10,3,52
2794,6.7,7,71,1.5,6,5.8,4,1,64
2795,4.8,0,68,2.4,6,4.8,8,1,86
2796,2.6,7,80,4.8,1,7.1,7,3,46
2797,5.8,4,52,0.8,2,5.5,3,3,72
2798,4.7,3,40,4.9,1,6.8,10,1,53
2799,2.5,2,61,3.9,6,6.2,2,2,31
2800,3.8,6,40,1.1,9,8.7,1,10,66
2801,3.2,6,97,3.0,2,8.2,6,10,100
2802,4.4,2,62,1.4,10,6.2,1,8,61
2803,4.4,1,67,1.4,7,6.3,4,6,59
2804,4.1,2,40,2.4,6,6.6,3,10,55
2805,8.0,7,69,2.1,6,3.8,9,10,69
2806,3.0,7,79,0.9,6,8.6,2,8,86
2807,5.1,4,71,1.3,3,8.0,8,3,46
2808,3.2,4,91,3.0,7,5.9,10,3,57
2809,3.2,4,61,4.0,6,5.5,2,3,28
2810,4.7,0,90,2.2,2,4.0,3,10,81
2811,5.0,3,60,4.2,1,6.1,2,3,59
2812,2.2,3,71,1.5,4,6.4,1,7,47
2813,3.1,0,98,3.9,7,5.9,5,7,40
2814,2.3,1,56,1.0,1,6.3,10,5,64
2815,3.6,2,70,2.0,7,4.5,3,1,33
2816,0.8,3,48,3.2,8,7.0,1,6,8
2817,2.2,6,70,1.8,8,4.9,4,5,49
2818,4.4,0,58,4.3,10,6.8,2,1,18
2819,4.6,4,100,3.4,4,7.8,9,9,48
2820,3.0,6,89,4.0,8,7.1,10,3,75
2821,4.5,7,52,4.4,9,5.8,10,2,44
2822,5.9,3,99,1.6,5,4.5,5,5,47
2823,2.8,7,71,3.3,8,6.3,6,2,34
2824,3.2,1,84,2.1,10,6.1,2,10,69
2825,3.5,5,97,2.7,6,8.2,5,5,41
2826,5.9,3,57,4.4,2,5.5,9,6,73
2827,5.5,1,99,4.0,9,5.3,6,3,42
2828,0.5,2,78,0.3,8,8.4,4,3,29
2829,4.8,0,40,5.0,5,8.5,10,7,64
2830,4.6,7,66,2.1,2,5.0,7,2,70
2831,3.4,0,53,2.4,1,7.2,4,7,63
2832,4.8,7,84,2.0,4,9.1,1,10,67
2833,4.1,6,86,0.6,4,6.0,4,7,53
2834,4.0,0,87,1.8,1,7.6,9,7,59
2835,6.5,5,75,1.2,8,4.8,9,10,84
2836,3.8,5,65,1.9,2,7.4,7,5,46
2837,4.3,7,89,2.6,9,4.2,10,2,54
2838,6.6,3,68,3.5,7,6.3,5,10,70
2839,4.3,4,95,2.5,4,4.9,3,1,83
2840,3.8,2,63,2.1,1,6.8,5,2,42
2841,4.2,1,92,2.9,3,5.9,4,6,53
2842,3.3,6,41,1.8,5,7.3,7,7,62
2843,1.7,6,64,1.8,3,8.9,9,7,58
2844,3.7,5,77,,2,6.2,5,5,50
2845,4.6,1,51,1.9,10,5.1,4,2,33
2846,3.1,3,40,5.3,9,5.6,2,8,7
2847,3.9,5,71,4.6,3,6.9,8,9,41
2848,7.7,4,64,5.1,6,8.0,8,9,86
2849,3.0,1,99,6.5,3,8.1,2,10,55
2850,3.1,7,58,3.2,8,5.5,2,7,35
2851,4.1,5,85,4.3,5,5.5,1,3,40
2852,2.4,6,60,3.5,7,7.4,5,10,72
2853,4.3,7,60,4.3,10,,7,2,50
2854,0.5,4,49,3.6,8,5.8,2,2,31
2855,3.2,5,50,5.5,4,6.5,5,3,42
2856,5.3,4,73,2.5,7,5.5,7,9,68
2857,1.6,2,95,5.0,8,5.9,10,3,42
2858,5.3,7,57,5.8,9,4.1,3,7,62
2859,5.4,1,64,2.9,2,6.8,6,1,21
2860,5.8,7,96,2.9,8,6.5,7,10,58
2861,4.1,1,68,4.0,9,8.3,5,10,64
2862,3.6,3,64,4.2,5,7.0,5,1,49
2863,4.3,1,81,3.2,5,4.8,6,10,60
2864,3.3,3,84,3.6,1,5.3,5,10,46
2865,2.4,7,85,0.0,9,5.9,7,7,30
2866,2.4,7,73,1.0,1,7.9,2,3,51
2867,5.1,1,51,3.0,10,7.4,1,3,10
2868,4.5,7,68,0.0,7,8.0,3,8,40
2869,2.1,6,71,2.2,10,5.3,1,1,18
2870,5.5,1,84,4.8,5,7.5,4,3,38
2871,3.5,6,79,2.3,10,,8,9,48
2872,4.0,2,99,2.0,5,6.5,6,6,66
2873,3.8,4,100,4.5,1,7.4,3,9,68
2874,4.6,7,63,5.1,5,6.2,10,4,45
2875,4.2,6,42,,10,9.2,1,2,34
2876,2.9,4,56,2.8,6,7.2,3,1,52
2877,3.7,3,78,0.0,10,5.7,5,4,55
2878,3.3,0,90,0.9,5,8.1,6,2,48
2879,4.5,0,89,5.1,6,5.3,4,6,68
2880,3.1,3,64,3.0,10,8.1,4,10,56
2881,5.9,2,56,4.1,4,9.2,8,3,55
2882,3.5,6,58,3.6,6,5.2,4,8,64
2883,2.7,2,76,1.5,3,5.5,4,3,53
2884,3.5,6,68,5.8,1,7.5,10,1,65
2885,0.9,4,99,4.5,1,5.6,8,6,59
2886,4.6,5,40,3.9,3,8.2,4,9,95
2887,5.9,4,52,2.3,8,9.0,5,3,65
2888,3.0,1,88,2.7,3,4.6,7,9,66
2889,4.6,3,74,3.3,9,7.4,9,6,68
2890,3.0,3,72,3.3,8,5.9,5,8,53
2891,4.3,4,81,2.8,4,4.2,5,1,35
2892,2.7,2,65,2.6,4,4.5,8,1,40
2893,5.5,5,87,2.8,2,7.2,9,7,97
2894,3.5,1,74,2.6,2,6.1,8,4,67
2895,3.4,6,98,0.0,2,5.3,2,9,73
2896,1.6,3,56,4.3,2,5.7,1,3,30
2897,2.4,4,98,3.4,2,5.2,9,1,47
2898,3.5,3,50,0.0,8,5.9,10,2,34
2899,2.9,6,43,,2,5.6,1,1,33
2900,4.7,6,40,4.0,8,5.9,5,6,35
2901,5.2,0,46,1.2,4,4.6,10,2,38
2902,4.4,3,70,0.3,1,5.8,9,2,62
2903,4.9,1,83,4.9,10,9.0,8,1,53
2904,5.4,0,49,3.6,1,5.0,6,7,54
2905,4.4,5,85,2.0,4,6.0,7,4,70
2906,2.0,5,78,2.1,2,,7,1,42
2907,3.5,5,73,5.1,6,6.8,6,9,52
2908,2.5,3,72,1.9,1,7.9,5,10,74
2909,3.9,4,68,3.5,1,6.0,10,6,66
2910,3.7,6,44,3.8,10,9.4,5,7,57
2911,4.2,4,73,1.1,8,6.8,8,3,28
2912,4.4,7,87,2.2,8,5.8,9,3,37
2913,4.2,5,51,2.1,6,7.6,4,3,32
2914,5.6,4,64,6.0,10,7.9,2,3,25
2915,4.6,5,58,4.5,1,6.9,7,10,84
2916,7.9,0,79,4.7,1,7.6,7,3,70
2917,5.6,2,48,1.2,4,6.6,2,5,53
2918,4.5,6,97,5.0,10,7.4,1,6,41
2919,6.4,7,58,1.3,7,5.6,5,8,79
2920,2.6,1,57,2.1,1,7.4,9,2,43
2921,3.9,1,67,4.7,2,7.5,7,4,42
2922,4.6,4,97,3.2,5,5.1,2,5,38
2923,5.2,7,70,4.7,7,7.7,9,1,73
2924,5.0,3,40,2.5,1,7.1,3,5,58
2925,4.7,4,45,2.3,3,5.6,3,9,56
2926,1.9,1,96,3.4,10,6.1,2,3,28
2927,2.1,2,41,5.0,5,8.0,7,3,29
2928,2.6,1,75,3.5,5,6.5,3,3,45
2929,5.5,3,77,4.7,8,5.3,8,3,45
2930,3.1,3,76,1.2,9,5.7,2,3,45
2931,4.9,7,89,2.2,5,3.4,2,1,60
2932,3.9,4,79,3.8,9,6.9,4,9,62
2933,4.1,2,80,4.3,3,8.4,6,7,68
2934,3.6,7,79,3.9,8,6.5,3,7,59
2935,2.3,4,77,3.2,1,7.3,9,10,60
2936,4.7,3,52,1.8,9,5.4,8,10,70
2937,4.2,2,77,1.6,4,5.8,2,10,42
2938,4.1,0,55,3.4,3,8.0,8,4,37
2939,5.6,0,85,1.7,10,7.0,3,9,80
2940,3.4,2,63,0.5,6,5.7,4,10,46
2941,3.4,6,100,0.4,6,5.8,5,4,74
2942,2.3,2,94,1.6,6,6.8,6,10,73
2943,6.5,1,78,3.7,7,6.8,4,5,43
2944,2.3,6,59,0.0,7,6.9,2,4,66
2945,3.9,0,95,3.4,9,7.2,8,5,49
2946,5.0,4,50,,8,,7,5,34
2947,2.7,3,71,2.1,4,7.0,7,5,46
2948,4.9,7,75,3.5,3,6.5,5,8,35
2949,4.8,7,48,5.2,2,6.9,9,10,73
2950,0.9,6,42,2.4,9,6.2,3,1,31
2951,3.0,6,50,3.8,7,7.0,7,10,34
2952,6.4,2,74,4.2,1,7.0,3,5,51
2953,5.0,2,46,4.7,3,6.5,3,8,61
2954,5.5,7,53,3.8,5,3.6,7,4,43
2955,4.6,2,83,3.1,5,7.0,10,2,65
2956,3.5,5,96,2.0,8,6.1,1,1,27
2957,3.4,7,45,4.4,2,6.8,5,6,65
2958,5.9,4,67,2.2,2,6.0,1,9,59
2959,6.6,1,66,3.1,2,6.7,5,9,86
2960,3.0,6,65,3.8,10,7.1,1,9,30
2961,7.6,7,76,0.8,2,5.4,8,1,96
2962,5.0,0,44,3.7,2,6.1,7,10,48
2963,2.5,0,99,1.6,5,5.2,10,3,64
2964,1.9,7,69,0.2,3,8.1,3,8,92
2965,3.8,1,68,4.1,4,7.0,7,9,61
2966,2.5,3,73,2.1,7,6.0,5,10,80
2967,3.3,5,71,3.6,4,7.0,2,1,53
2968,3.4,6,94,3.8,6,7.5,6,5,63
2969,5.1,6,89,3.7,3,7.9,8,6,100
2970,3.1,7,45,,9,8.1,8,10,38
2971,0.7,5,46,2.5,6,8.6,10,8,38
2972,0.5,3,82,3.4,1,7.4,1,10,44
2973,2.1,6,100,4.5,1,5.3,5,3,31
2974,3.6,3,71,2.7,2,6.1,3,7,44
2975,4.8,2,50,5.0,10,5.7,2,6,12
2976,3.1,0,69,2.5,1,6.5,9,5,72
2977,3.7,1,77,1.3,10,6.9,6,5,56
2978,2.5,2,42,4.1,9,7.0,8,10,40
2979,2.9,4,100,0.2,8,6.0,5,8,44
2980,1.7,0,57,4.4,4,5.7,2,7,44
2981,4.5,4,46,4.0,4,6.4,1,9,55
2982,6.4,2,45,0.0,2,8.0,10,10,46
2983,0.5,5,53,4.1,7,5.3,9,3,16
2984,3.8,7,62,1.5,8,8.8,5,10,58
2985,1.8,0,100,2.1,3,5.8,4,10,73
2986,6.0,5,56,3.3,6,7.4,1,1,49
2987,3.9,3,92,2.7,8,5.2,1,4,38
2988,5.0,3,78,0.0,6,4.4,5,8,89
2989,1.9,5,89,2.1,1,7.6,8,8,57
2990,1.9,1,46,3.1,7,8.1,10,7,38
2991,3.1,3,60,2.9,8,6.9,9,6,57
2992,4.5,2,93,4.7,1,4.8,10,6,41
2993,4.4,0,55,3.7,10,8.6,3,10,40
2994,3.8,6,100,5.0,7,5.1,1,5,83
2995,2.4,0,40,1.0,8,7.4,10,9,45
2996,5.2,7,94,1.4,4,8.0,3,9,100
2997,5.9,2,41,5.4,9,5.2,8,10,50
2998,3.9,1,92,2.8,2,9.1,7,4,76
2999,5.8,0,84,3.8,1,6.6,9,10,100
